Entity,Year,Population,Fossil fuels (TWh),Annual greenhouse gas emissions in CO₂ equivalents,Renewables (TWh growth - equivalent),Annual CO₂ emissions per GDP (kg per international-$),"Industry as % of total employment -- ILO modelled estimates, May 2017",Renewables - % electricity,Share of industry in GDP at constant 2005 prices (GGDC),GDP per capita,417485-annotations
Austria,1991,7755640,254.54054,78741030.0,0.080200195,0.3044811,35.707,65.065765,,27689.771,
Austria,1992,7840816,238.59088,72129580.0,10.407219,0.2722038,34.814,72.392395,,28072.44,
Austria,1993,7905280,239.1349,72373180.0,5.610077,0.27159807,34.467,74.07047,,28101.229,
Austria,1994,7935366,240.44193,71976730.0,-3.4625854,0.26579693,32.4,70.81174,,28780.76,
Austria,1995,7947293,251.3576,74800390.0,6.145645,0.27042842,32.148,70.51468,,29621.682,
Austria,1996,7958043,261.10703,78230080.0,-9.276199,0.27677158,30.327,66.809784,,30413.156,
Austria,1997,7967086,262.8246,78136536.0,6.0465393,0.26930502,29.687,67.92385,,31173.049,
Austria,1998,7975856,265.21317,78160870.0,3.6255035,0.2576064,29.614,69.79614,,32376.33,
Austria,1999,7991382,264.26392,76537250.0,9.715782,0.24305937,29.81,70.677574,,33608.297,
Austria,2000,8010425,262.42456,75960580.0,3.206314,0.23598191,30.069,72.58146,,34796.258,
Austria,2001,8039633,280.44653,79828770.0,-4.070404,0.24592528,29.419,69.17786,,35272.223,
Austria,2002,8078994,282.88486,81418950.0,-1.7986069,0.24714506,28.878,69.03938,,35823.586,
Austria,2003,8120105,307.11383,88362880.0,-19.982162,0.26273167,29.01,60.695835,,36063.12,
Austria,2004,8171215,302.39697,87222390.0,12.333473,0.2557692,26.799,63.975456,,36957.113,
Austria,2005,8227034,306.63385,88401256.0,3.3514786,0.25389358,27.575,63.389675,,37642.76,
Austria,2006,8267771,300.71646,85986340.0,1.4674988,0.23763065,28.163,65.285805,,38866.848,
Austria,2007,8294720,284.4118,83398460.0,7.2878723,0.22038144,27.328,68.62184,,40305.273,
Austria,2008,8321134,288.42078,83309510.0,4.0083084,0.21434069,26.274,69.03876,,40964.793,
Austria,2009,8342939,267.22955,76766856.0,8.02684,0.20325153,25.0,71.161385,,39463.656,
Austria,2010,8362829,287.3896,81495170.0,-6.8484344,0.21248621,24.825,66.24944,,40288.348,
Austria,2011,8391201,275.2274,78986130.0,-11.925598,0.19983031,26.048,65.70832,,41446.0,
Austria,2012,8429641,265.73227,76383700.0,27.950531,0.19090012,26.226,74.71616,,41565.0,
Austria,2013,8479542,266.15073,77255096.0,-3.7393188,0.19204704,25.906,78.185486,,41375.0,
Austria,2014,8546066,250.13168,73299440.0,-0.3862152,0.1805917,25.751,81.46706,,41338.0,
Austria,2015,8642422,256.6368,74992856.0,-6.458664,0.18486863,25.73,76.94422,,41294.0,
Austria,2016,8736491,262.3385,75863280.0,7.437332,0.1845777,25.7,78.28352,,41445.0,
Austria,2017,8797497,273.11026,78219570.0,-1.5511627,0.1864994,25.582,75.719376,,42177.37,
Belgium,1991,9987072,519.6058,153000300.0,-0.052184105,0.44269633,30.353,0.75853354,,27848.305,
Belgium,1992,10016455,516.315,151170080.0,0.23198915,0.43232647,29.757,0.8681042,,28199.574,
Belgium,1993,10043738,510.65756,152536860.0,-0.33044362,0.43214393,29.458,0.7277397,,27857.25,
Belgium,1994,10069182,546.805,155104910.0,0.2750001,0.42968196,28.882,0.85506034,,28706.5,
Belgium,1995,10095204,552.72076,156605740.0,0.21895146,0.42292193,28.254,0.9113166,,29370.088,
Belgium,1996,10123230,589.1822,160491820.0,-0.31804395,0.42741764,27.642,0.7452755,,29820.299,
Belgium,1997,10154876,584.93756,154405260.0,0.07066488,0.39411747,27.554,0.7704161,,30894.283,
Belgium,1998,10188541,602.0638,160341140.0,0.5254035,0.4053517,27.247,0.9258132,,31480.744,
Belgium,1999,10224223,588.42444,156396450.0,0.3013103,0.37424237,25.771,1.0195514,,32571.674,
Belgium,2000,10264351,603.48157,157688940.0,0.59059143,0.36652607,25.794,1.2682691,,33719.77,
Belgium,2001,10309249,602.8867,155978260.0,0.08930969,0.36119762,25.488,1.3735217,,33923.344,
Belgium,2002,10355569,597.305,156841330.0,0.2087245,0.3566371,25.834,1.4084506,,34419.695,
Belgium,2003,10402550,626.1305,158559780.0,0.18852758,0.35727337,25.021,1.435922,,34588.477,
Belgium,2004,10456164,629.1559,161076200.0,0.9286151,0.3456682,24.97,1.8089726,,35740.35,
Belgium,2005,10516979,618.7869,156333090.0,1.9172506,0.32986212,24.686,2.5089178,,36338.383,
Belgium,2006,10582970,621.7085,154004060.0,2.6181374,0.31689364,24.695,3.5632598,,37051.902,
Belgium,2007,10653698,621.80615,150631460.0,1.6337404,0.29763448,24.433,4.0318856,,38082.875,
Belgium,2008,10726720,639.172,149841840.0,2.8819962,0.29430726,24.65,5.3375196,,38117.348,
Belgium,2009,10801357,571.00775,137315360.0,4.6053314,0.26972765,23.453,6.067365,,36998.65,
Belgium,2010,10877948,612.62366,144957100.0,6.1096535,0.27802795,23.447,7.042102,,37739.33,
Belgium,2011,10955742,556.8064,135250860.0,4.6990166,0.24958648,23.2,9.331837,,38130.0,
Belgium,2012,11031140,543.64355,132802870.0,6.156849,0.24318284,21.856,12.908377,,37906.0,
Belgium,2013,11103260,552.079,133355896.0,3.0664444,0.24385977,21.732,14.339899,,37737.0,
Belgium,2014,11176727,523.214,128603310.0,1.7178116,0.22639553,21.393,17.211727,,38228.0,
Belgium,2015,11248306,545.295,133603600.0,4.651127,0.23256215,21.293,21.212564,,38569.0,
Belgium,2016,11316837,551.6957,130754936.0,1.3044395,0.22674629,21.286,16.972368,,38766.0,
Belgium,2017,11384491,557.6527,130213110.0,4.564232,0.22124138,21.196,18.603556,,39352.164,
Bulgaria,1991,8721659,218.48157,90096230.0,1.6647849,0.8388094,37.459,5.5787663,,8319.673,
Bulgaria,1992,8668545,208.68484,82367320.0,-1.1177416,0.8383308,38.679,5.361174,,7846.116,
Bulgaria,1993,8611541,218.66853,82006696.0,-0.3577962,0.8484154,35.958,4.730444,,7959.1636,
Bulgaria,1994,8548469,206.19438,78161870.0,-1.4016123,0.79683095,34.291,3.4228542,,8212.297,
Bulgaria,1995,8477584,217.25267,78061640.0,2.5016127,0.78827417,34.218,5.210084,,8566.603,
Bulgaria,1996,8401382,212.05858,80593850.0,1.7889786,0.8672622,32.064,6.7713213,,7901.1235,
Bulgaria,1997,8318965,198.69548,69647890.0,-0.4879036,0.83022565,32.853,6.3864756,,7927.429,
Bulgaria,1998,8234934,190.23712,66661770.0,1.014247,0.7577189,32.968,7.4065137,,8322.082,
Bulgaria,1999,8162298,164.30557,57730988.0,-1.0172043,0.69805384,33.281,7.187994,,7921.765,
Bulgaria,2000,8097694,158.01701,55405750.0,-0.23655844,0.6478121,32.86,6.477833,,8410.795,
Bulgaria,2001,8034863,164.59537,57561564.0,-2.8010945,0.6779167,32.767,3.7974682,,8832.291,
Bulgaria,2002,7974804,155.02228,54954124.0,1.3009853,0.6087485,32.706,5.0368257,,9471.766,
Bulgaria,2003,7917745,168.57735,60093056.0,2.3805523,0.6312259,32.13,7.070229,,10080.783,
Bulgaria,2004,7865314,162.36998,57292710.0,0.34747982,0.5796184,33.001,7.584541,,10853.785,
Bulgaria,2005,7815221,172.51389,58120936.0,3.3009863,0.55075765,34.242,9.7883005,,11758.084,
Bulgaria,2006,7766040,175.43185,58038564.0,-0.3172083,0.52611715,34.55,9.300792,,12706.182,
Bulgaria,2007,7719035,184.7735,62152780.0,-3.8562527,0.52476925,35.599,6.7132864,,13785.228,
Bulgaria,2008,7674912,179.45262,60248228.0,0.09057522,0.47878456,36.427,6.5754037,,14761.715,
Bulgaria,2009,7634737,150.88222,53259570.0,2.098115,0.41949838,35.192,8.693598,,14363.259,
Bulgaria,2010,7592271,154.66158,56595096.0,5.8164606,0.43146592,33.355,12.527185,,14686.461,
Bulgaria,2011,7543128,170.47174,64182800.0,-5.189766,0.4689421,31.36,7.7877874,,15112.0,
Bulgaria,2012,7488347,156.51334,58316028.0,4.537526,0.42614648,31.323,11.295181,,15204.0,
Bulgaria,2013,7431169,140.88452,51180148.0,4.54996,0.37263206,30.187,16.054832,,15420.0,
Bulgaria,2014,7372142,148.92491,54893670.0,1.2145958,0.39005518,30.187,15.750214,,15711.0,
Bulgaria,2015,7309255,159.54132,58192810.0,4.0099335,0.40136206,29.929,17.967146,,16373.0,
Bulgaria,2016,7245982,151.68547,55288868.0,-4.481531,0.36596122,29.677,15.798923,,17037.0,
Bulgaria,2017,7182430,160.05421,57671536.0,-2.4846096,0.36989078,29.381,13.643445,,17763.693,
Canada,1991,28015762,1860.1794,725489600.0,34.375244,0.5486062,22.577,61.39351,,29151.697,
Canada,1992,28347644,1928.2595,740247500.0,25.066528,0.5589623,21.9,61.643684,,29141.191,
Canada,1993,28668168,1946.9708,742985100.0,21.938599,0.54359484,21.5,61.68843,,29657.574,
Canada,1994,28981190,2009.3557,764717500.0,19.606445,0.5349278,21.778,60.328484,,30745.822,
Canada,1995,29289430,2095.3997,779153900.0,22.83551,0.53337955,21.966,61.172176,,31330.72,
Canada,1996,29593856,2139.88,804791230.0,61.976013,0.54086256,21.743,63.361584,,31594.242,
Canada,1997,29882752,2201.377,825108000.0,-15.437988,0.53184164,22.022,62.360817,,32709.691,
Canada,1998,30144816,2231.2102,831700500.0,-48.804016,0.51804847,22.7,60.486572,,33785.746,
Canada,1999,30399776,2293.156,843343100.0,42.154846,0.5043816,22.923,61.290306,,35345.723,
Canada,2000,30683316,2356.5771,879318400.0,35.10681,0.49803066,22.5,61.7943,,36942.562,
Canada,2001,31002768,2350.008,886931840.0,-78.39606,0.48116326,22.422,59.31232,,37307.207,
Canada,2002,31322400,2428.9885,896887100.0,46.95453,0.47012544,22.5,61.129566,,38123.99,
Canada,2003,31619456,2495.3928,904977860.0,-45.680298,0.4744,22.144,60.063942,,38559.977,
Canada,2004,31911670,2508.9727,893693900.0,2.2380981,0.45751044,22.278,59.678913,,39491.57,
Canada,2005,32215914,2469.9326,881974460.0,61.287537,0.4383283,22.1,60.803677,,40485.02,
Canada,2006,32531864,2464.5818,858513200.0,-30.437988,0.42135173,21.891,60.803535,,41247.15,
Canada,2007,32862458,2579.4573,871527360.0,42.75525,0.42988482,21.457,61.22323,,41806.863,
Canada,2008,33218542,2505.8813,838211400.0,21.76709,0.4123293,21.414,62.623207,,41896.426,
Canada,2009,33593920,2391.9766,784479800.0,-20.299316,0.39965948,20.299,63.85556,,40312.62,
Canada,2010,33963416,2469.1953,783076030.0,-42.46631,0.3950927,20.201,62.90026,,41209.426,
Canada,2011,34323536,2532.3904,799018000.0,72.065796,0.38833606,20.277,64.05245,,42197.0,
Canada,2012,34691876,2525.1394,803499300.0,17.277344,0.38233638,20.342,65.05896,,42445.0,
Canada,2013,35063696,2571.4575,817822460.0,26.10669,0.37595928,20.122,65.39234,,42994.0,
Canada,2014,35404616,2600.671,828225340.0,-28.826294,0.3648718,19.987,64.73612,,43607.0,
Canada,2015,35732120,2610.2627,835309800.0,32.213867,0.36461216,19.619,65.27169,,43619.0,
Canada,2016,36113532,2538.53,819271940.0,19.403564,0.35160032,19.507,66.13221,,43745.0,
Canada,2017,36554344,2579.9878,821730400.0,20.98108,0.34627038,19.502,67.51717,,44591.64,
Croatia,1991,4844526,67.419365,29065194.0,4.7519417,0.37280723,35.392,64.49361,,10296.19,
Croatia,1992,4798318,67.64407,24826508.0,-3.490779,0.40621963,34.829,48.988766,,9331.893,
Croatia,1993,4792409,70.49165,24486040.0,0.6349659,0.44295284,35.795,47.7534,,8739.54,
Croatia,1994,4819431,68.77319,24840322.0,2.5757322,0.39090165,34.711,62.029644,,9352.584,
Croatia,1995,4807100,71.01694,20958020.0,0.74261475,0.37886375,30.418,61.380795,,10180.252,
Croatia,1996,4758624,70.96239,20977048.0,6.445942,0.36563316,29.145,70.45659,,11030.079,
Croatia,1997,4711373,76.04705,25740384.0,-5.967016,0.36141345,29.539,57.184753,,11997.593,
Croatia,1998,4659937,80.897385,26198936.0,0.52231216,0.35628724,29.797,52.663757,,12476.047,
Croatia,1999,4605329,80.41928,19912952.0,3.8612347,0.3737523,30.642,56.54854,,12579.877,
Croatia,2000,4548438,77.46547,18188044.0,-2.6108322,0.35777014,28.875,57.282413,,13244.541,
Croatia,2001,4506760,80.421455,18808152.0,2.0101452,0.37060887,29.158,56.225525,,13817.681,
Croatia,2002,4482874,84.54285,19842740.0,-4.0152264,0.36686513,30.033,46.02675,,14683.838,
Croatia,2003,4461141,90.4913,21301294.0,-1.2509708,0.36295885,30.252,41.394997,,15740.499,
Croatia,2004,4443351,88.54533,22449506.0,6.167444,0.33850053,29.946,54.931602,,16628.574,
Croatia,2005,4429687,89.06604,22699364.0,-1.7768688,0.32626793,28.628,54.05819,,17581.36,
Croatia,2006,4417562,89.03258,23685128.0,-1.3016529,0.30924785,29.348,51.47059,,18707.49,
Croatia,2007,4405542,95.01379,28003326.0,-5.476156,0.30565405,30.823,37.79904,,19984.037,
Croatia,2008,4393666,91.40181,26602526.0,3.0216064,0.27995005,30.817,45.6964,,20717.316,
Croatia,2009,4382142,85.492805,24311380.0,4.5333138,0.27514216,29.264,56.02996,,19501.588,
Croatia,2010,4368680,82.44185,24003554.0,4.826391,0.26569232,27.583,62.880325,,19511.35,
Croatia,2011,4351838,79.79889,23613598.0,-11.172986,0.25787237,28.069,47.016922,,19813.0,
Croatia,2012,4331592,72.79537,27199254.0,0.1499443,0.24362792,28.126,49.6695,,19441.0,
Croatia,2013,4308854,70.367516,23876834.0,10.906146,0.23789762,27.866,66.5233,,19298.0,
Croatia,2014,4283968,68.66936,23031568.0,1.6339073,0.22936787,27.233,73.95833,,19284.0,
Croatia,2015,4254821,70.38391,23513698.0,-6.703413,0.22787493,27.066,66.844444,,19698.0,
Croatia,2016,4223748,72.107635,22857610.0,1.986948,0.22571322,26.965,66.24405,,20376.0,
Croatia,2017,4192468,75.561066,23531744.0,-3.4005852,0.2265169,26.809,60.39016,,21232.361,
Cyprus,1991,799067,,4515598.0,0.0,0.47618273,28.731,0.0,,15417.124,
Cyprus,1992,810435,,4965006.0,0.0,0.4627115,27.924,0.0,,16570.396,
Cyprus,1993,825993,,5322806.0,0.0,0.47542304,27.441,0.0,,16439.24,
Cyprus,1994,844452,,5488601.5,0.0,0.4635471,26.81,0.0,,17210.986,
Cyprus,1995,862419,,5469104.5,0.0,0.40878558,25.198,0.0,,18751.486,
Cyprus,1996,880064,,5883527.5,0.0,0.42354384,24.959,0.0,,18875.29,
Cyprus,1997,897476,,6139724.0,0.0,0.41483057,25.029,0.0,,19264.787,
Cyprus,1998,914667,,6359576.5,0.0,0.40880084,24.295,0.0,,20212.738,
Cyprus,1999,931612,,6830730.5,0.0,0.40198797,23.951,0.0,,21147.525,
Cyprus,2000,948238,,7062937.5,,0.39023042,23.792,0.0,,22326.799,
Cyprus,2001,964838,,6913549.0,,0.36657038,23.782,0.0,,23095.736,
Cyprus,2002,982202,,7899054.0,,0.36086586,23.29,0.0,,23828.072,
Cyprus,2003,1000355,,8298886.5,,0.36789763,22.957,0.0,,24347.076,
Cyprus,2004,1018688,,8757037.0,,0.35913807,23.482,0.0,,25355.24,
Cyprus,2005,1037070,,8420944.0,,0.35048327,24.047,0.0,,26164.209,
Cyprus,2006,1055445,34.407574,8601700.0,,0.34177446,22.678,0.0,,27142.018,
Cyprus,2007,1073875,34.965965,8771190.0,,0.33562386,22.572,0.0,,28109.996,
Cyprus,2008,1092402,,9112493.0,,0.3281507,22.485,0.19723865,,28736.975,
Cyprus,2009,1110979,,8522042.0,,0.3216744,21.822,0.57581574,,27735.033,
Cyprus,2010,1129693,,8404940.0,,0.3008547,20.42,1.500938,,27630.104,
Cyprus,2011,1145090,,8027774.5,,0.28562868,20.921,3.4552846,,27272.0,
Cyprus,2012,1156556,,7342350.0,,0.27506885,20.2,5.508475,,26011.0,
Cyprus,2013,1166972,,6634240.5,,0.26509452,17.563,7.692308,,24519.0,
Cyprus,2014,1176997,,7834221.0,,0.28427246,16.705,7.142857,,24411.0,
Cyprus,2015,1187286,,7361805.0,,0.28040943,16.921,8.810573,,24963.0,
Cyprus,2016,1197889,,8309318.0,,0.288138,16.623,8.793456,,25577.0,
Cyprus,2017,1208527,,8299999.0,,0.28097016,16.716,8.6,,26445.287,
Denmark,1991,5158325,229.4569,80198920.0,0.8389988,0.41574115,27.247,2.9009302,31.5,29915.447,
Denmark,1992,5175466,213.6849,74331150.0,1.0550671,0.36890388,27.081,4.4227643,31.0,30573.574,
Denmark,1993,5193776,225.84038,75699144.0,1.0114851,0.3808961,26.124,4.738081,29.6,30649.537,
Denmark,1994,5213801,242.76701,80413416.0,-0.1744566,0.3838887,26.522,4.2878265,30.7,32359.297,
Denmark,1995,5235205,237.98395,77186900.0,0.34680367,0.35318178,27.116,5.0626016,30.9,33356.14,
Denmark,1996,5256002,283.54694,90335720.0,0.7062683,0.41459388,26.435,3.883495,30.0,34325.44,
Denmark,1997,5277385,254.1063,80707304.0,2.5496817,0.34879196,26.348,6.6169825,30.6,35499.062,
Denmark,1998,5298991,241.82932,75610140.0,2.9703627,0.31751326,26.529,9.566698,30.5,36361.23,
Denmark,1999,5319856,232.78914,72837710.0,1.3977194,0.29371533,26.992,11.262535,30.9,37523.426,
Denmark,2000,5340662,219.73676,69774500.0,3.5228996,0.2606398,25.455,15.472222,31.0,39021.176,
Denmark,2001,5360753,219.65651,71131320.0,0.77734756,0.26456836,25.468,15.509013,30.3,39425.863,
Denmark,2002,5378700,216.42538,70049450.0,2.7700882,0.26023784,23.582,17.286152,29.8,39709.37,
Denmark,2003,5396355,231.08041,75523550.0,3.8220634,0.2813747,22.928,17.48267,29.2,39983.145,
Denmark,2004,5415583,213.30814,71483150.0,4.1914845,0.2475836,23.733,23.571606,29.4,41178.562,
Denmark,2005,5436314,198.45697,67626070.0,0.7984638,0.22499327,23.892,27.049406,29.3,42264.63,
Denmark,2006,5457863,224.2651,74610700.0,-1.8446541,0.2485606,23.377,20.153507,29.1,44025.484,
Denmark,2007,5479722,208.29022,70687270.0,3.046051,0.22520302,23.54,26.201982,28.5,44481.47,
Denmark,2008,5502752,196.97833,67113970.0,-0.70046425,0.21086748,22.721,27.580559,28.8,44246.4,
Denmark,2009,5526455,185.03546,64186810.0,-0.10145378,0.21014193,20.371,27.672438,27.4,42090.17,
Denmark,2010,5550850,191.2015,67188090.0,7.1949654,0.20652662,19.606,31.97839,,42932.4,
Denmark,2011,5576016,171.63606,60158330.0,5.7803955,0.18224092,19.94,40.232822,,43575.0,
Denmark,2012,5600955,154.03226,55825110.0,2.6430206,0.16384257,19.6,48.33876,,43510.0,
Denmark,2013,5625393,159.75766,58056052.0,2.8659172,0.17007355,19.481,45.941277,,43733.0,
Denmark,2014,5650654,146.59099,53085156.0,5.3851013,0.15048194,19.293,55.886925,,44241.0,
Denmark,2015,5677795,139.1057,50860844.0,2.304657,0.13840333,19.215,65.43381,,44635.0,
Denmark,2016,5706856,143.523,52581920.0,-1.3996658,0.14374387,19.19,60.1964,,44836.0,
Denmark,2017,5737286,134.88422,50157800.0,9.631966,0.1322819,19.167,70.25459,,45455.555,
Estonia,1991,1565621,116.732086,38270290.0,0.0,1.4246141,37.044,0.0,,15350.635,
Estonia,1992,1540386,81.38799,27683898.0,0.0,1.2053365,35.999,0.0,,13214.388,
Estonia,1993,1504446,67.58692,20896320.0,0.0,1.0656736,33.252,0.0,,12207.185,
Estonia,1994,1475730,68.5388,20404222.0,0.0,1.1354228,32.489,0.0,,12070.061,
Estonia,1995,1452777,62.146576,18305426.0,0.019153222,0.97589606,34.228,0.115074806,,12881.278,
Estonia,1996,1434670,65.996574,19430768.0,-0.0031921957,0.9928719,33.651,0.0,,13547.661,
Estonia,1997,1421491,65.002014,19545630.0,0.009576611,0.8854587,33.805,0.10845987,,15074.775,
Estonia,1998,1411151,58.292824,17775820.0,0.012768751,0.7836999,32.984,0.11737089,,15593.005,
Estonia,1999,1403494,53.683647,16984634.0,0.015020166,0.7557613,31.851,0.12106537,,15335.106,
Estonia,2000,1396881,55.296604,15449671.0,0.1370295,0.6747312,34.919,0.11750881,,16806.975,
Estonia,2001,1388000,57.750828,15271248.0,-0.0983878,0.661584,33.754,0.23557127,,17696.61,
Estonia,2002,1379241,57.499256,16549641.0,0.014653027,0.6134003,30.164,0.3516999,,18589.15,
Estonia,2003,1370663,62.68629,17682816.0,0.031188361,0.6518234,31.179,0.492126,,19771.742,
Estonia,2004,1362489,63.916676,19838152.0,0.047598153,0.6255087,34.077,0.58195925,,20803.758,
Estonia,2005,1354665,64.14318,18669326.0,0.13758358,0.57345647,34.074,1.0784314,,22518.541,
Estonia,2006,1346711,63.291786,18126366.0,0.06644082,0.5083433,33.715,1.3360741,,24578.816,
Estonia,2007,1340576,73.31503,21857834.0,0.050815552,0.5814385,35.299,1.1494253,,26177.871,
Estonia,2008,1337013,67.23302,20125258.0,0.18071893,0.55833095,35.537,1.8903592,,24429.021,
Estonia,2009,1334557,57.060886,17533642.0,1.0354561,0.5382531,31.764,6.1503425,,20538.049,
Estonia,2010,1331535,69.847244,21792748.0,1.6450077,0.704044,30.561,8.095605,,20713.426,
Estonia,2011,1327435,69.31334,22009972.0,0.34860802,0.6643083,32.613,9.154383,,21997.0,
Estonia,2012,1322682,68.93671,21777068.0,0.89600873,0.59709775,31.124,12.29097,,23026.0,
Estonia,2013,1317985,73.6856,23811234.0,-0.7690327,0.6513101,30.273,9.262049,,23436.0,
Estonia,2014,1314531,69.839325,23621188.0,0.54137444,0.60662264,30.154,11.164659,,24146.0,
Estonia,2015,1314658,63.885067,20936806.0,0.41649103,0.5025819,29.894,15.369459,,24493.0,
Estonia,2016,1315928,65.999886,22059428.0,0.028275013,0.5471759,29.424,13.064914,,24857.0,
Estonia,2017,1317550,72.88536,23688580.0,0.8360405,0.5543878,28.976,14.1337385,,26254.201,
Finland,1991,5013856,220.41238,85439496.0,6.4124565,0.43723515,28.387,31.390137,,25174.898,
Finland,1992,5042120,214.54427,82436200.0,5.4975586,0.4443731,27.016,34.747967,,24219.76,
Finland,1993,5066609,217.08345,85756216.0,-1.5989571,0.46421668,26.23,31.827108,,23943.744,
Finland,1994,5088491,238.41681,91185960.0,-3.366806,0.4892424,25.904,27.83364,,24797.66,
Finland,1995,5107942,218.85355,86816260.0,3.8336258,0.44166136,27.667,30.527796,,25761.625,
Finland,1996,5124717,238.31111,92103100.0,-5.443962,0.4690903,27.154,25.598156,,26637.266,
Finland,1997,5139944,231.65076,92117070.0,7.5387726,0.43194446,27.457,29.135336,,28239.875,
Finland,1998,5153548,227.86586,89966090.0,12.92733,0.3875721,28.27,34.78261,,29715.342,
Finland,1999,5165500,227.32434,92420000.0,-9.734512,0.36777005,27.757,30.506763,,30986.889,
Finland,2000,5176208,224.163,91219370.0,6.526497,0.33692047,27.952,33.5005,,32689.77,
Finland,2001,5188007,237.2849,97846584.0,-5.752678,0.3598897,27.148,28.99448,,33481.68,
Finland,2002,5200588,245.9748,101592120.0,-5.062439,0.36798212,27.176,26.535526,,33986.555,
Finland,2003,5212991,273.59238,111567464.0,-2.271038,0.40272063,26.721,22.668886,,34607.22,
Finland,2004,5228143,253.2829,112807140.0,19.080143,0.3674163,26.098,29.94159,,35888.613,
Finland,2005,5246070,223.27707,99843400.0,-6.8279114,0.29559642,25.806,33.35703,,36787.258,
Finland,2006,5266249,253.28436,114383850.0,-2.6439438,0.34021434,25.717,27.373552,,38160.703,
Finland,2007,5288694,246.21289,109781580.0,4.739746,0.31558895,25.745,30.054375,,39998.527,
Finland,2008,5313358,223.68834,102810810.0,10.476288,0.2749257,25.342,36.074303,,40129.652,
Finland,2009,5338813,212.70073,98028110.0,-17.360245,0.285618,23.811,30.231262,,36662.613,
Finland,2010,5363279,237.39333,107362070.0,7.6307755,0.31763664,23.285,30.097088,,37615.113,
Finland,2011,5388173,214.82587,98898184.0,0.54553986,0.2735051,23.011,33.028275,,38432.0,
Finland,2012,5413865,194.50394,96208424.0,11.75602,0.25055802,22.858,40.747612,,37704.0,
Finland,2013,5438873,202.24971,95666110.0,-7.658531,0.2552819,22.847,36.10876,,37246.0,
Finland,2014,5461436,186.62822,91981840.0,4.0811615,0.23655689,21.903,38.75535,,36858.0,
Finland,2015,5479457,175.87355,88789920.0,11.055679,0.21891165,21.988,44.66062,,36836.0,
Finland,2016,5495217,185.29663,88554110.0,-3.7697449,0.23088397,22.062,44.407124,,37239.0,
Finland,2017,5508146,175.71263,86899064.0,4.921219,0.21129863,22.026,46.886173,,38366.56,
France,1991,56645216,1707.9404,558197100.0,11.651276,0.25233892,28.719,13.2212925,25.6,28294.264,
France,1992,56864050,1677.7042,543512700.0,33.752655,0.24227652,28.176,15.45585,25.4,28619.805,
France,1993,57053730,1606.0608,523034980.0,-12.223419,0.23211998,27.537,14.23583,24.4,28336.16,
France,1994,57230064,1551.727,514580200.0,42.42244,0.2227221,26.855,17.056469,24.4,28907.977,
France,1995,57420356,1585.171,519488580.0,-15.58699,0.22087395,26.969,15.360343,24.5,29418.863,
France,1996,57623180,1654.8822,537152000.0,-19.743652,0.2270215,26.535,13.447639,23.9,29736.645,
France,1997,57839364,1624.6814,524972160.0,-5.1225586,0.21766427,26.586,13.262536,23.9,30341.807,
France,1998,58080344,1718.9286,532834880.0,-5.4661255,0.21988833,26.345,12.766879,23.8,31323.078,
France,1999,58352210,1722.8291,526738370.0,31.633377,0.21144319,26.317,14.465783,26.3,32284.611,
France,2000,58665456,1719.7067,520356300.0,-17.131317,0.20005788,26.297,12.71177,26.8,33409.68,
France,2001,59014776,1725.4396,523043260.0,23.355545,0.19780238,26.055,13.996136,26.9,33920.098,
France,2002,59372784,1697.5334,514896130.0,-40.676056,0.19286895,25.417,11.354416,26.2,34152.773,
France,2003,59728260,1730.169,515785280.0,-4.73349,0.19357042,24.142,10.978354,26.2,34292.03,
France,2004,60108436,1742.1658,515249920.0,1.796463,0.1883228,24.331,11.005131,25.9,35093.824,
France,2005,60510080,1742.5884,513897700.0,-20.179993,0.18591811,23.775,9.647984,26.2,35495.465,
France,2006,60919150,1711.2305,499137180.0,17.544525,0.17693044,23.793,10.723592,25.8,36166.16,
France,2007,61329380,1675.2354,490481660.0,17.283295,0.1683139,23.316,11.437008,25.7,36845.684,
France,2008,61721004,1661.7161,483373220.0,31.255264,0.1649041,23.196,12.748745,25.1,36761.793,
France,2009,62093300,1587.6765,458768540.0,-10.964264,0.16168907,22.668,12.877686,23.6,35534.926,
France,2010,62444570,1609.9745,466012670.0,22.166885,0.16083589,22.211,13.624007,,36086.727,
France,2011,62775270,1503.1868,437755550.0,-38.38304,0.14803994,22.133,11.6355295,,36691.0,
France,2012,63071412,1500.3119,442332500.0,53.516174,0.14880356,21.73,15.033152,,36571.0,
France,2013,63335180,1501.0537,448229100.0,37.756256,0.14839919,21.257,17.246943,,36632.0,
France,2014,63588496,1364.985,414152860.0,-13.241882,0.13487965,20.696,16.6075,,36527.0,
France,2015,63809770,1392.8246,421045300.0,-6.1474,0.13510175,20.674,16.002232,,36827.0,
France,2016,63989320,1422.166,422156640.0,17.145569,0.13471259,20.57,17.721292,,37124.0,
France,2017,64144092,1437.1835,425556740.0,-16.88675,0.13283473,20.471,16.657675,,37895.0,
Germany,1991,79801980,3620.4028,1171438200.0,-4.062767,0.47505108,42.311,3.1689155,,26769.96,
Germany,1992,80205020,3497.78,1117556900.0,8.969818,0.43938267,41.634,3.6971107,,27385.055,
Germany,1993,80573496,3492.7603,1100401500.0,2.2474136,0.4340827,40.733,3.9273474,,27250.701,
Germany,1994,80882120,3456.3516,1090693900.0,5.5805054,0.41184214,39.882,4.4629765,,28140.057,
Germany,1995,81123260,3462.4424,1093906700.0,6.303337,0.3988705,36.303,4.8666506,,28868.945,
Germany,1996,81300860,3578.1897,1109460700.0,-6.0149155,0.39942184,35.27,4.821224,,29349.982,
Germany,1997,81436100,3496.7788,1069039200.0,4.023384,0.37639815,34.679,4.2079525,,30186.945,
Germany,1998,81524380,3481.8794,1036943300.0,6.109543,0.36180303,34.389,4.509577,,31129.584,
Germany,1999,81556970,3392.88,1003947400.0,9.082268,0.3401138,33.833,5.197814,,32087.604,
Germany,2000,81551680,3391.7764,1003914100.0,26.85147,0.3279172,33.531,6.2336335,,33367.285,
Germany,2001,81514570,3460.3813,1016005400.0,4.3505554,0.3246158,32.781,6.546221,,34260.29,
Germany,2002,81443420,3408.0564,998643000.0,22.466377,0.31521875,32.367,7.6197004,,34590.93,
Germany,2003,81346810,3405.0566,999995460.0,4.10083,0.31426284,31.381,7.769269,,34716.44,
Germany,2004,81266670,3366.8105,984494000.0,35.04982,0.30228907,31.257,9.5285845,,35528.715,
Germany,2005,81212170,3308.2554,962230340.0,25.279694,0.2900493,29.84,10.372528,,36205.574,
Germany,2006,81177816,3360.6172,971379650.0,38.42119,0.28040493,29.652,11.557958,,38014.137,
Germany,2007,81183830,3214.1074,942622100.0,53.18457,0.26016006,29.896,14.193159,,39752.207,
Germany,2008,81217490,3225.8838,943483650.0,9.600983,0.25527534,29.668,14.941837,,40715.434,
Germany,2009,81260620,3018.4321,873189700.0,4.5500793,0.24718593,28.871,16.353596,,38962.938,
Germany,2010,81325090,3134.5288,915083260.0,26.112244,0.2475963,28.357,16.890146,,41109.582,
Germany,2011,81423384,3032.6692,887841200.0,53.836853,0.22949241,28.343,20.561615,,43189.0,
Germany,2012,81545570,3052.564,892937700.0,55.56012,0.22984017,28.272,23.132902,,43320.0,
Germany,2013,81680590,3147.4045,912245800.0,19.015991,0.23462892,27.827,24.215548,,43413.0,
Germany,2014,81858824,2963.163,872835460.0,28.124847,0.22012472,28.053,26.302671,,43922.0,
Germany,2015,82073230,2981.1343,873100540.0,67.73569,0.21731062,27.835,29.559868,,44293.0,
Germany,2016,82331430,3062.101,878525200.0,0.8343506,0.21463309,27.686,29.59109,,44689.0,
Germany,2017,82624370,3065.3574,863169660.0,69.03418,0.20535237,27.453,33.58798,,45619.785,
Greece,1991,10391552,282.31268,107381160.0,3.932796,0.49579167,25.765,8.673755,,16409.69,
Greece,1992,10478389,290.0773,108348856.0,-2.6285276,0.49714085,25.45,5.937668,,16545.963,
Greece,1993,10563442,293.64084,107457180.0,0.34892464,0.49665082,24.207,6.110674,,16331.314,
Greece,1994,10647420,297.84558,109895816.0,0.90779495,0.49484116,23.625,6.5362716,,16724.29,
Greece,1995,10727928,306.2551,110412380.0,2.741129,0.48332104,23.212,8.619855,,17148.197,
Greece,1996,10803809,311.83124,112054664.0,2.4304104,0.4772024,22.877,10.348892,,17719.557,
Greece,1997,10875274,322.45825,115986150.0,-1.3838711,0.47646734,22.469,9.055209,,18588.295,
Greece,1998,10939474,343.5748,120236100.0,-0.3873663,0.47786337,23.245,8.205239,,19378.709,
Greece,1999,10993861,340.64413,118950456.0,2.8626013,0.4562871,22.969,9.6173315,,20076.559,
Greece,2000,11038112,360.79834,124109810.0,-1.8069553,0.45754752,22.602,7.7499065,,20965.332,
Greece,2001,11072182,367.3915,125307720.0,-3.6200705,0.44557607,23.063,5.5388093,,21913.797,
Greece,2002,11096620,365.89545,125015180.0,1.841424,0.4234816,22.809,6.6357737,,22893.959,
Greece,2003,11110488,381.19785,128341510.0,6.6430836,0.41208336,22.545,10.172711,,24380.066,
Greece,2004,11115089,381.14084,128745500.0,-0.026657104,0.39022893,22.455,10.051021,,25780.385,
Greece,2005,11113450,381.22195,132565340.0,1.2926464,0.39990953,22.391,10.785798,,26091.523,
Greece,2006,11106097,388.89026,130531256.0,4.0314484,0.3702967,22.023,12.747216,,27731.111,
Greece,2007,11091491,405.3247,132211300.0,-8.389975,0.36208436,22.452,7.319407,,28822.916,
Greece,2008,11073621,394.57056,128435304.0,2.9888783,0.34916955,22.378,9.138589,,28907.926,
Greece,2009,11055503,372.62973,121290830.0,6.753536,0.3396041,21.2,13.361716,,27839.898,
Greece,2010,11033784,347.6643,113422280.0,7.0049686,0.3323047,19.62,18.351341,,26517.465,
Greece,2011,11004730,347.52722,110627400.0,-7.0157337,0.35182866,17.864,13.7692175,,24349.0,
Greece,2012,10963633,319.95496,106279860.0,5.5897083,0.36704898,16.683,16.674896,,22693.0,
Greece,2013,10914501,287.47495,92764010.0,11.481367,0.33915702,15.702,25.140057,,22118.0,
Greece,2014,10862972,273.054,90137840.0,-5.9721756,0.32524452,14.984,24.190666,,22344.0,
Greece,2015,10806644,269.76617,84792330.0,7.100708,0.31059095,14.876,28.65136,,22442.0,
Greece,2016,10749742,265.02908,79423540.0,-0.015701294,0.2953025,14.914,27.366293,,22574.0,
Greece,2017,10692230,283.34296,82698870.0,-3.1071053,0.30512106,14.992,25.009062,,22959.121,
Hungary,1991,10374750,262.30322,85771224.0,0.06965691,0.7260942,34.363,0.7009346,,9255.909,
Hungary,1992,10370067,249.41487,75002010.0,-0.036222816,0.6569808,34.343,0.66287875,,9153.921,
Hungary,1993,10357423,239.07959,76200456.0,0.0013102889,0.6603606,33.045,0.6381039,,9294.464,
Hungary,1994,10342435,243.10071,75298264.0,0.004368305,0.61241657,33.138,0.62649167,,9772.224,
Hungary,1995,10327171,246.34079,74198240.0,0.041028082,0.5885773,32.7,0.6466784,,10134.834,
Hungary,1996,10308272,251.241,77127850.0,0.11095446,0.59139985,33.307,0.74095184,,10359.182,
Hungary,1997,10286223,244.75488,75506140.0,0.036189735,0.54816395,33.251,0.7627119,,10942.326,
Hungary,1998,10260965,249.24669,74629704.0,-0.15803117,0.51215726,34.85,0.5913978,,11663.028,
Hungary,1999,10230263,248.59744,72810030.0,0.09284282,0.4902639,34.407,0.6344171,,12316.724,
Hungary,2000,10202054,239.83249,70570120.0,-0.00887084,0.43649668,33.818,0.68201196,,13129.273,
Hungary,2001,10177955,247.04901,71748184.0,0.038983107,0.42354032,34.422,0.7138935,,13933.562,
Hungary,2002,10148404,241.12793,74107340.0,-0.06957537,0.3904568,34.185,0.63623786,,14899.307,
Hungary,2003,10118060,252.71704,75677410.0,0.3182214,0.38586476,33.43,0.9668913,,15829.899,
Hungary,2004,10094499,253.05676,74019730.0,1.90091,0.35075656,32.977,2.78849,,16999.006,
Hungary,2005,10073533,264.1358,72690216.0,3.0071144,0.33015177,32.476,5.230769,,18140.617,
Hungary,2006,10057063,260.49298,71673200.0,-1.1163888,0.3079963,32.354,4.1562066,,19253.062,
Hungary,2007,10041171,252.03383,70932320.0,1.414372,0.29507488,32.564,4.7047048,,19763.791,
Hungary,2008,10023508,244.67545,68609780.0,3.0365448,0.2802653,32.125,5.8720636,,20380.63,
Hungary,2009,10008581,220.37941,60231776.0,1.7051945,0.2643032,31.3,8.047897,,19461.07,
Hungary,2010,9986832,224.50964,59813584.0,0.36981487,0.2600173,30.693,8.081349,,20036.334,
Hungary,2011,9953247,217.82355,57944760.0,-1.2199011,0.24165072,30.656,7.5235977,,20886.0,
Hungary,2012,9922133,199.77081,54020540.0,-0.3277607,0.22880216,29.782,7.62565,,20631.0,
Hungary,2013,9894637,187.81438,51132744.0,0.239542,0.2089868,29.891,9.190083,,21126.0,
Hungary,2014,9867906,185.84885,50826550.0,1.7082348,0.20142235,30.543,10.76661,,22040.0,
Hungary,2015,9844250,198.32663,53855900.0,0.055185318,0.20832056,30.275,10.63057,,22788.0,
Hungary,2016,9815106,202.30748,54852750.0,0.15248871,0.20654804,30.035,10.216913,,23279.0,
Hungary,2017,9788940,215.8848,57249690.0,0.3523922,0.20806883,29.848,10.60006,,24349.959,
India,1991,888941760,2193.0864,1577597700.0,22.669724,0.3491608,15.444,23.131563,27.9,2062.3103,
India,1992,907574100,2326.79,1636316900.0,-11.403107,0.3557648,15.681,20.841738,27.5,2115.2573,
India,1993,926351300,2388.339,1649159600.0,2.4284515,0.3505925,15.413,19.625616,27.5,2176.4277,
India,1994,945261950,2504.1228,1685452500.0,28.725845,0.3501128,15.972,20.822308,28.3,2254.899,
India,1995,964279100,2713.7434,1726448400.0,-11.1979065,0.35027513,16.44,18.022327,29.4,2355.9631,
India,1996,983281200,2848.561,1826165400.0,-18.536514,0.3544386,16.232,15.95155,29.1,2475.568,
India,1997,1002335200,3009.7446,1848856800.0,4.4548187,0.3570414,16.029,15.386589,28.8,2514.0217,
India,1998,1021434560,3162.5952,1866603400.0,40.949295,0.34458956,15.572,17.0291,27.8,2611.7815,
India,1999,1040500030,3260.4866,1947705200.0,-1.7488251,0.35447443,15.353,15.599825,27.5,2707.7405,
India,2000,1059633660,3446.0303,2009134000.0,-15.145905,0.352489,15.984,14.048197,27.8,2753.0854,
India,2001,1078970900,3466.253,2019021600.0,-13.389587,0.3409051,15.779,12.999709,26.8,2837.8555,
India,2002,1098313100,3589.9685,2017562400.0,-2.7729187,0.34174228,16.546,11.938192,27.7,2870.9236,
India,2003,1117415200,3728.399,2088233900.0,3.6134644,0.3296529,16.998,11.695108,27.4,3035.9226,
India,2004,1136264600,3964.4377,2162795800.0,99.17473,0.32571733,18.298,15.63753,28.0,3212.511,
India,2005,1154638700,4237.5137,2239350800.0,-6.9790955,0.31964293,18.981,15.254357,28.0,3396.6487,
India,2006,1172373800,4427.847,2327488000.0,56.343597,0.3211893,19.828,17.135258,28.8,3629.4111,
India,2007,1189691800,4801.2754,2475741200.0,39.720306,0.3197081,20.699,17.801973,28.9,3870.699,
India,2008,1206734800,5125.3574,2623861800.0,-9.182251,0.32366115,21.315,16.768267,28.2,4030.6543,
India,2009,1223640200,5552.823,2756779000.0,-15.645447,0.3259814,21.797,15.269804,28.7,4270.708,
India,2010,1240613600,5770.7314,2847361300.0,24.136871,0.31561425,22.455,15.21222,29.0,4525.7456,
India,2011,1257621200,6001.9395,2957348600.0,86.13205,0.31092602,24.598,16.791103,28.4,4768.0,
India,2012,1274487200,6381.226,3155205600.0,-24.747314,0.3236803,24.766,15.135002,27.9,4932.0,
India,2013,1291132000,6551.184,3220519700.0,60.505737,0.31566432,24.138,16.394157,,5172.0,
India,2014,1307246500,6993.9014,3333282800.0,38.19055,0.31804976,24.106,16.00672,,5458.0,
India,2015,1322866600,7246.493,3438726000.0,4.0999756,0.30776057,24.183,15.370245,,5794.0,
India,2016,1338636300,7593.6304,3564861200.0,10.535095,0.3031443,24.328,14.853682,,6125.0,
India,2017,1354195700,7845.0522,3621199000.0,66.12964,0.29322264,24.481,15.965148,,6449.1133,
Ireland,1991,3504806,120.25572,48982956.0,0.1448927,0.49567583,28.358,5.0234427,,19253.943,
Ireland,1992,3528370,120.5881,48804932.0,0.22473383,0.47065207,28.075,5.196451,,20032.719,
Ireland,1993,3545700,123.31961,49482668.0,-0.12418842,0.45781288,27.16,4.7707562,,20627.078,
Ireland,1994,3559396,128.1589,51157044.0,0.47016358,0.44168648,27.847,5.585264,,22004.814,
Ireland,1995,3579486,131.4651,52943600.0,-0.6209693,0.41008222,27.799,4.1453714,,24266.143,
Ireland,1996,3606725,138.77411,56117596.0,0.10690284,0.3884271,27.345,4.0190377,,26562.908,
Ireland,1997,3640157,143.31888,57434784.0,0.14877295,0.35914496,28.574,4.1137633,,29455.92,
Ireland,1998,3678670,153.32564,59263996.0,1.06848,0.3441965,28.745,5.6486354,,31908.648,
Ireland,1999,3719918,162.19196,63463572.0,-0.13459706,0.32002452,28.359,5.19063,,35377.164,
Ireland,2000,3768954,169.82228,68805270.0,0.18134975,0.30693412,28.515,4.985213,,38806.5,
Ireland,2001,3829019,180.12549,71390030.0,-0.48454332,0.3010748,28.981,4.180195,,40966.332,
Ireland,2002,3894256,177.30066,69369610.0,1.0112848,0.27292046,27.685,5.5555553,,43012.816,
Ireland,2003,3958706,173.52893,68261950.0,-0.7275574,0.2580363,27.78,4.5856795,,44372.758,
Ireland,2004,4031961,176.31061,68975420.0,0.7255285,0.24157777,27.637,5.511499,,47028.863,
Ireland,2005,4121220,182.75717,68613310.0,1.3655558,0.23556489,27.601,7.298985,,49223.383,
Ireland,2006,4234809,187.19153,67626610.0,1.686058,0.2174844,27.825,9.111029,,51296.195,
Ireland,2007,4359841,189.12663,65569430.0,1.0948453,0.20742972,27.351,9.904829,,52322.23,
Ireland,2008,4452393,185.59964,64537136.0,2.5816412,0.21311574,25.799,12.032085,,49583.14,
Ireland,2009,4499797,164.15132,66902104.0,1.680851,0.19662657,21.386,14.730068,,47375.734,
Ireland,2010,4524581,166.76732,62218644.0,-0.927124,0.18879543,19.478,13.210227,,48623.81,
Ireland,2011,4544504,154.08609,57562610.0,4.6424694,0.16992183,18.876,19.992636,,48980.0,
Ireland,2012,4564550,151.88,57494724.0,-0.5869999,0.17223805,18.263,19.351273,,48333.0,
Ireland,2013,4588830,148.26996,55611956.0,1.1388149,0.16569106,18.22,22.01799,,48743.0,
Ireland,2014,4622165,145.66513,54287976.0,2.160509,0.15052466,18.232,24.757847,,52651.0,
Ireland,2015,4665764,151.09332,55067380.0,3.9317532,0.15196052,20.359,27.971529,,54278.0,
Ireland,2016,4715791,159.87277,57753136.0,-1.0510979,0.15024325,18.08,24.875952,,56597.0,
Ireland,2017,4771860,156.51605,56787260.0,4.122999,0.13448298,17.723,28.962818,,60544.277,
Italy,1991,56794490,1778.8286,497615900.0,31.468842,0.2905673,33.796,20.84421,35.7,26570.363,
Italy,1992,56833184,1770.387,493930940.0,0.6381531,0.28641853,34.629,20.582811,35.3,26960.611,
Italy,1993,56869456,1731.7411,483973220.0,-1.6292114,0.2818976,34.105,20.611694,34.6,26902.398,
Italy,1994,56883820,1718.5654,476640670.0,8.958038,0.2703855,33.759,21.120598,34.9,27668.258,
Italy,1995,56885124,1814.1665,504645120.0,-20.040115,0.27569053,33.662,17.493671,35.4,28666.352,
Italy,1996,56898972,1799.4818,499743000.0,14.085632,0.2668144,33.346,19.334867,34.9,29231.275,
Italy,1997,56925810,1832.9872,514247940.0,-0.019180298,0.26356712,32.624,18.790936,34.6,29960.7,
Italy,1998,56938736,1877.4658,537310200.0,0.81851196,0.26456952,32.727,18.376627,34.6,30649.629,
Italy,1999,56945064,1919.9059,536643170.0,14.36142,0.26135388,32.375,19.84532,34.3,31340.48,
Italy,2000,56966400,1949.0676,538075840.0,-1.2595673,0.2524609,31.788,18.900242,34.5,32716.98,
Italy,2001,56994990,1937.9456,529920900.0,9.37384,0.24636532,31.736,20.049433,34.2,33511.434,
Italy,2002,57107576,1942.1345,535613860.0,-18.373764,0.24789293,31.595,17.455557,34.3,33780.055,
Italy,2003,57425176,2013.5079,552831100.0,-4.9408875,0.25504887,31.767,16.420212,34.1,33917.8,
Italy,2004,57860664,2038.8511,554425600.0,22.392212,0.25215665,30.838,18.272165,33.7,34472.13,
Italy,2005,58199876,2058.6958,550949600.0,-17.11473,0.24839598,30.684,16.376978,33.5,34872.125,
Italy,2006,58429904,2042.6763,538028540.0,5.8372498,0.23920882,30.051,16.512863,34.0,35713.805,
Italy,2007,58778480,2010.1216,540584450.0,-9.213318,0.23113252,30.131,15.533349,33.9,36310.734,
Italy,2008,59224228,1938.8276,522492160.0,34.89943,0.22648327,29.715,18.6112,33.0,35942.938,
Italy,2009,59562844,1762.9906,470165820.0,35.637527,0.21106799,29.329,24.083735,30.7,34055.227,
Italy,2010,59822452,1803.9177,476388380.0,24.100098,0.21173573,28.671,25.83753,,34765.938,
Italy,2011,60025950,1749.3113,463172670.0,15.786148,0.20340778,28.443,27.674906,,35151.0,
Italy,2012,60190150,1668.5127,437333380.0,26.763397,0.19921727,27.872,31.104963,,34068.0,
Italy,2013,60312600,1531.2878,402863460.0,51.947845,0.18566395,27.254,39.014874,,33094.0,
Italy,2014,60322790,1414.4424,379780580.0,20.565308,0.17537212,26.902,43.497692,,32829.0,
Italy,2015,60232908,1496.9937,393069120.0,-30.105621,0.17987843,27.198,38.757786,,33118.0,
Italy,2016,60118628,1507.9805,392793820.0,-3.8211365,0.1770212,27.128,37.607937,,33419.0,
Italy,2017,60004024,1541.3867,389270660.0,-12.217102,0.171499,27.087,35.41745,,34027.336,
Japan,1991,124073990,4428.32,1233736700.0,23.21344,0.30561817,34.843,11.639142,38.6,30837.432,
Japan,1992,124444696,4502.1787,1241332500.0,-41.83246,0.30569512,34.813,10.024861,37.4,30977.814,
Japan,1993,124779576,4460.201,1231806200.0,36.19641,0.30346107,34.44,11.247435,36.4,30920.66,
Japan,1994,125119260,4712.571,1289497500.0,-77.4875,0.31464574,34.197,7.9192533,35.0,31135.428,
Japan,1995,125433970,4876.4834,1298363600.0,45.011063,0.30952728,33.689,9.212626,34.3,31887.277,
Japan,1996,125726220,4966.3994,1309919600.0,-1.895935,0.3034309,33.396,8.979606,34.0,32784.156,
Japan,1997,126027980,4982.256,1298291500.0,31.285553,0.29862928,33.147,9.761912,33.9,33038.293,
Japan,1998,126308390,4837.6206,1247109900.0,7.194275,0.29254323,32.529,9.946743,32.8,32558.188,
Japan,1999,126555064,4976.206,1282995200.0,-14.2846985,0.30239484,32.157,9.3160305,32.4,32394.516,
Japan,2000,126803864,5035.6113,1310096800.0,1.4134827,0.29978395,31.667,9.187302,32.6,33210.81,
Japan,2001,127065736,4988.1167,1290548400.0,-9.722168,0.29530436,30.873,9.077229,30.8,33246.39,
Japan,2002,127301740,5021.0254,1315997000.0,-0.42248535,0.3021352,29.984,8.942235,29.8,33195.402,
Japan,2003,127502350,5200.9194,1322618000.0,37.790253,0.29975352,29.626,10.262771,30.0,33619.95,
Japan,2004,127671290,5122.8696,1316040200.0,-0.8403015,0.29241422,28.716,10.027739,30.6,34313.56,
Japan,2005,127798376,5157.8296,1324220500.0,-28.138336,0.2894821,28.255,8.914464,30.5,34857.754,
Japan,2006,127902170,5086.065,1299468300.0,31.772583,0.2805036,28.486,9.831237,30.6,35333.113,
Japan,2007,128006424,5130.279,1336388000.0,-37.319427,0.28388953,28.267,8.622925,31.1,35892.71,
Japan,2008,128077630,5100.908,1265743600.0,-0.97561646,0.27159405,27.68,8.615359,30.4,35496.227,
Japan,2009,128117040,4527.235,1194494200.0,-15.147949,0.27124235,27.585,8.732339,28.1,33590.01,
Japan,2010,128105430,4790.777,1246704300.0,59.780273,0.27205363,26.074,10.228108,30.6,35011.402,
Japan,2011,128007256,4841.036,1297356900.0,-14.887054,0.28374097,29.613,10.278935,29.9,34979.0,
Japan,2012,127853690,5189.08,1338280600.0,-7.1226196,0.28867757,26.196,10.058001,,35580.0,
Japan,2013,127678920,5133.329,1349983400.0,24.445282,0.28503475,26.19,11.082408,,36354.0,
Japan,2014,127476730,4996.624,1298263300.0,35.466644,0.27304035,26.925,12.599744,,36537.0,
Japan,2015,127250936,4853.5146,1257564400.0,55.28534,0.26105803,26.818,14.951656,,37031.0,
Japan,2016,126993860,4761.283,1238629400.0,-9.386383,0.25409964,26.652,14.662352,,37465.0,
Japan,2017,126662460,4755.5874,1225830100.0,40.577423,0.24500383,26.543,16.001804,,38414.863,
Latvia,1991,2678970,69.99541,24912550.0,-3.6104841,0.4907414,34.677,58.053097,,13774.934,
Latvia,1992,2662885,49.580112,21947054.0,-2.2295694,0.5768282,32.498,65.625,,9411.195,
Latvia,1993,2638889,40.651257,21679522.0,1.0497313,0.55106056,28.844,73.28244,,8439.33,
Latvia,1994,2606464,37.850216,11147985.0,1.268548,0.4726051,27.553,74.549545,,8704.267,
Latvia,1995,2570150,35.883533,9679373.0,-1.088172,0.42201498,28.144,73.68421,,8709.07,
Latvia,1996,2534288,35.96225,8644575.0,-3.1817203,0.41896653,27.248,59.615387,,8947.269,
Latvia,1997,2498881,33.034386,7660234.0,3.2349458,0.36502942,26.028,65.410194,,9773.499,
Latvia,1998,2462333,32.693733,5984551.0,4.0303764,0.33042842,27.343,74.482765,,10429.767,
Latvia,1999,2426357,30.435944,5576064.0,-4.6099463,0.30150685,25.91,67.15328,,10707.706,
Latvia,2000,2392536,29.40364,4412624.5,0.19220448,0.26446477,26.936,68.115944,,11309.74,
Latvia,2001,2359255,32.3233,5335302.5,-0.009394646,0.26498917,26.601,66.276344,,12103.828,
Latvia,2002,2326150,33.766403,5287171.0,-1.0851054,0.2501036,25.535,62.468513,,13015.475,
Latvia,2003,2294342,33.731316,8257664.5,-0.46853733,0.2387679,27.153,58.942062,,14142.124,
Latvia,2004,2263453,36.334076,11783772.0,2.4340606,0.2222351,27.145,68.23028,,15371.182,
Latvia,2005,2233165,37.134514,14401216.0,0.60163975,0.20437793,26.476,69.51219,,17069.656,
Latvia,2006,2203917,36.562912,12994800.0,-1.8427033,0.19582064,27.427,57.055218,,19128.69,
Latvia,2007,2176059,37.89378,12874481.0,0.05188322,0.18654916,28.64,59.243694,,21042.367,
Latvia,2008,2150411,37.179195,12078291.0,1.0312786,0.18508253,28.533,60.910816,,20342.2,
Latvia,2009,2126268,33.828762,10699223.0,0.9283514,0.19799732,24.944,63.913822,,17582.111,
Latvia,2010,2101537,39.240612,12175232.0,0.43732262,0.23792063,24.041,54.90196,,17140.227,
Latvia,2011,2076974,35.507725,12273246.0,-1.6010084,0.2057794,22.92,50.57471,,18428.0,
Latvia,2012,2053635,34.35238,12663499.0,2.7820349,0.1904791,23.547,66.61264,,19405.0,
Latvia,2013,2031491,34.12373,12326750.0,-1.4974213,0.18188035,23.955,56.935486,,20129.0,
Latvia,2014,2011040,32.6558,12701383.0,-2.0212526,0.17335045,23.918,54.47471,,20751.0,
Latvia,2015,1991951,33.579346,14115388.0,0.07460499,0.17090438,23.531,50.180508,,21488.0,
Latvia,2016,1973477,34.60454,13278365.0,1.7283211,0.1665612,23.255,54.20561,,22092.0,
Latvia,2017,1954861,33.823208,13974252.0,5.260334,0.160587,23.021,72.50996,,23132.797,
Lithuania,1991,3793430,164.21388,53000670.0,-0.22473139,0.7860888,39.192,1.1592226,,12999.309,
Lithuania,1992,3795748,88.31126,35861436.0,-0.079838574,0.5590964,36.899,1.6729627,,10240.939,
Lithuania,1993,3788532,66.31921,27328948.0,0.24247324,0.51445425,36.222,2.8037384,,8621.097,
Lithuania,1994,3770461,65.050766,34188896.0,0.1744622,0.55106,32.766,4.6248717,,7830.005,
Lithuania,1995,3747269,63.989586,27989728.0,-0.23360217,0.5003243,30.609,2.7427726,,8299.47,
Lithuania,1996,3722023,66.82968,28150418.0,-0.1389783,0.49737936,29.625,2.037037,,8793.701,
Lithuania,1997,3694897,63.99836,29782980.0,-0.09166664,0.44248915,29.632,2.0905924,,9592.64,
Lithuania,1998,3665514,66.46477,30457558.0,0.36075246,0.43447044,29.221,2.4561403,,10382.117,
Lithuania,1999,3633949,58.610786,28017748.0,-0.00887084,0.36951128,27.164,3.1490014,,10336.3955,
Lithuania,2000,3599639,53.14203,17712404.0,-0.22088718,0.31340447,26.847,3.0825024,,10806.874,
Lithuania,2001,3560145,58.27297,18756900.0,-0.040672004,0.31287128,26.708,2.309307,,11606.729,
Lithuania,2002,3515799,56.747417,16685702.0,0.08106679,0.2947567,27.369,2.0408163,,12490.621,
Lithuania,2003,3469683,58.078094,17538468.0,-0.07852548,0.26655552,27.299,1.7684888,,13917.508,
Lithuania,2004,3422593,59.859,23740968.0,0.2794481,0.26193643,28.23,2.3143165,,14995.767,
Lithuania,2005,3373536,64.08221,21941480.0,0.11169398,0.25433815,29.06,3.2348804,,16417.95,
Lithuania,2006,3322937,64.52317,21834678.0,0.11637938,0.24251236,29.664,3.622578,,17916.059,
Lithuania,2007,3272416,69.14487,24429096.0,0.80604565,0.23800267,30.703,4.383976,,20138.473,
Lithuania,2008,3224384,68.02335,24136572.0,0.15239143,0.22358824,30.402,4.583652,,20879.803,
Lithuania,2009,3180482,58.401016,23715912.0,0.11810708,0.22575559,27.113,4.732081,,17983.35,
Lithuania,2010,3139021,62.64392,25507658.0,0.56404376,0.23897453,24.551,19.157894,,18663.762,
Lithuania,2011,3099800,64.8416,27633506.0,0.54295015,0.22794,24.487,27.81955,,20243.0,
Lithuania,2012,3063340,64.55679,28622448.0,0.38758802,0.22101647,25.13,27.441858,,21303.0,
Lithuania,2013,3028191,58.399178,26691110.0,0.9627447,0.19983342,25.491,38.44221,,22274.0,
Lithuania,2014,2994928,56.130875,26166450.0,0.025864124,0.18868731,24.657,43.641617,,23252.0,
Lithuania,2015,2963764,58.394295,25399096.0,0.4987216,0.18828434,25.074,42.0,,23889.0,
Lithuania,2016,2933676,58.656914,24684584.0,0.9616089,0.18504508,24.69,61.583572,,24743.0,
Lithuania,2017,2904452,60.917324,24854414.0,1.2371564,0.17973,24.455,75.52239,,26157.205,
Luxembourg,1991,386405,39.635735,13465572.0,0.046093613,0.8173302,30.185,12.857143,,39198.3,
Luxembourg,1992,391524,39.79827,13268505.0,-0.048439994,0.79079634,29.259,12.121212,,39231.594,
Luxembourg,1993,396705,40.32377,13586358.0,0.00052054226,0.7711739,28.577,11.940298,,40179.496,
Luxembourg,1994,402049,38.707848,12681505.0,0.05735749,0.69684464,27.068,18.644068,,40990.71,
Luxembourg,1995,407639,33.61216,10215135.0,0.020001113,0.54706585,25.334,22.448978,,40838.566,
Luxembourg,1996,413202,34.67255,10218775.0,-0.09570804,0.5447139,23.046,17.777779,,40687.902,
Luxembourg,1997,418413,33.850273,9544720.0,0.08157736,0.48113486,23.426,24.390242,,42311.344,
Luxembourg,1998,423579,32.560677,8651425.0,0.1187554,0.40757373,21.723,40.540543,,44142.56,
Luxembourg,1999,429352,34.494907,9208841.0,-0.06232217,0.39953023,21.951,36.11111,,47061.11,
Luxembourg,2000,435634,36.694363,9709114.0,0.14509216,0.39730427,20.909,40.0,,50063.824,
Luxembourg,2001,441254,39.367466,10171040.0,-0.010612071,0.411429,21.574,19.54023,,50527.664,
Luxembourg,2002,445920,43.133194,10938819.0,-0.050264895,0.43133315,20.179,5.3571434,,51709.734,
Luxembourg,2003,451351,45.284607,11370856.0,-0.029665709,0.44620776,19.286,5.0179214,,51717.03,
Luxembourg,2004,457798,51.203964,12770508.0,0.15651685,0.48895898,18.98,5.6379824,,52624.164,
Luxembourg,2005,464868,51.93919,13009821.0,0.03796774,0.48614463,17.297,6.2686567,,53262.094,
Luxembourg,2006,472402,50.90858,12843474.0,0.1042828,0.4575263,16.651,7.062147,,54920.81,
Luxembourg,2007,479877,48.843357,12270551.0,0.56423336,0.40239617,16.921,8.15047,,58369.703,
Luxembourg,2008,488643,48.43457,12125280.0,0.043884993,0.40432954,15.184,10.294118,,56383.19,
Luxembourg,2009,497876,46.34103,11583614.0,-0.07425547,0.40380424,12.958,8.571429,,52731.39,
Luxembourg,2010,507075,48.862724,12194970.0,0.0010886192,0.4071945,13.339,8.333334,,54086.336,
Luxembourg,2011,518207,47.574017,12065714.0,-0.005913496,0.39526185,13.347,9.090909,,54031.0,
Luxembourg,2012,530596,46.52097,11811480.0,0.18487263,0.38843635,12.68,11.231884,,52562.0,
Luxembourg,2013,543068,44.01891,11266979.0,0.24148297,0.35520706,12.043,19.565218,,53411.0,
Luxembourg,2014,556075,42.34417,10755428.0,0.25659132,0.31952685,10.72,20.94241,,55102.0,
Luxembourg,2015,569415,40.869637,10242671.0,0.23478174,0.29244688,10.482,32.08955,,55972.0,
Luxembourg,2016,583355,40.151875,10027577.0,0.1425302,0.27262563,10.315,58.227848,,57006.0,
Luxembourg,2017,596290,41.384716,10205433.0,0.6628237,0.2729199,10.169,66.66667,,56779.55,
Malta,1991,368676,,2386041.8,,0.44888544,37.527,0.0,,13834.927,
Malta,1992,371892,,2455321.2,,0.43269476,35.434,0.0,,14341.302,
Malta,1993,375257,,3040683.8,,0.5208428,34.789,0.0,,14840.319,
Malta,1994,378568,,2805039.0,,0.4539838,35.088,0.0,,15539.06,
Malta,1995,381860,,2579908.2,,0.3936145,34.603,0.0,,16417.174,
Malta,1996,385271,,2661886.2,,0.39179912,33.522,0.0,,16932.047,
Malta,1997,388843,,2678707.8,,0.3753587,32.108,0.0,,17694.79,
Malta,1998,392487,,2617478.0,,0.35254204,31.952,0.0,,18488.666,
Malta,1999,395993,,2702834.2,,0.34290877,31.282,0.0,,19254.365,
Malta,2000,399212,,2652177.0,,0.3079608,32.972,0.0,,20434.549,
Malta,2001,402163,,2846720.0,,0.3392527,31.014,0.0,,20413.05,
Malta,2002,404708,,2886172.2,,0.33058143,31.909,0.0,,20873.984,
Malta,2003,406926,,3142103.0,,0.3473083,29.907,0.0,,21273.135,
Malta,2004,408805,,2974284.2,,0.33258718,29.664,0.0,,21233.002,
Malta,2005,410217,,2819057.0,,0.2987003,29.849,0.0,,21905.215,
Malta,2006,411204,,2852540.8,,0.29441163,28.527,0.0,,22233.717,
Malta,2007,412091,,2927799.5,,0.28980336,26.489,0.0,,23048.264,
Malta,2008,413407,,2981135.0,,0.27609834,25.482,0.0,,23674.594,
Malta,2009,415509,,2831143.5,,0.2656951,24.905,0.0,,22927.654,
Malta,2010,418758,,2900437.5,,0.26426813,25.174,0.0,,23632.625,
Malta,2011,423577,,2874477.2,,0.25863352,24.58,0.0,,23871.0,
Malta,2012,429912,,2962659.5,,0.26475522,22.099,1.3043479,,24301.0,
Malta,2013,437531,,2583717.5,,0.22078478,21.68,1.7699115,,25162.0,
Malta,2014,446449,,2562000.5,,0.20044486,21.383,3.5555556,,26998.0,
Malta,2015,456585,,1868731.1,,0.12967221,22.356,7.692308,,28700.0,
Malta,2016,467717,,1544741.8,,0.09935506,21.359,16.27907,,29817.0,
Malta,2017,479507,,1694172.1,,0.10528073,20.873,10.30303,,30901.93,
Netherlands,1991,15046578,915.6553,230506180.0,0.4061823,0.4036914,25.003,1.2525253,31.0,28126.781,
Netherlands,1992,15150688,925.14185,229873120.0,0.23111582,0.3941884,24.613,1.2978585,30.6,28555.732,
Netherlands,1993,15251088,932.21924,229644750.0,0.3513775,0.38693106,24.152,1.4296854,30.2,28879.996,
Netherlands,1994,15349481,921.5554,229183170.0,0.45258307,0.3753561,23.365,1.5817223,30.6,29727.557,
Netherlands,1995,15446670,959.11365,230439490.0,0.45003772,0.3651816,23.367,1.7433237,30.4,30680.348,
Netherlands,1996,15538617,999.5709,239791000.0,1.2886086,0.36898237,23.182,2.1361504,30.0,31811.738,
Netherlands,1997,15629912,985.66504,230655420.0,0.61710405,0.33821383,22.889,2.3296244,29.0,33199.633,
Netherlands,1998,15722601,987.8223,228994190.0,0.9587016,0.3234546,22.772,2.552817,28.4,34688.55,
Netherlands,1999,15812491,975.01575,222019260.0,0.58702374,0.29677472,22.348,2.9007282,28.2,36409.08,
Netherlands,2000,15899138,986.37683,221107630.0,1.4232769,0.28499517,21.596,3.3225193,28.3,37899.95,
Netherlands,2001,15981630,1024.0242,225483710.0,1.0123177,0.28573635,21.592,3.5427592,28.1,38636.223,
Netherlands,2002,16057042,1022.68976,223327470.0,2.0758686,0.28270462,21.001,4.156658,27.8,38653.125,
Netherlands,2003,16127574,1029.6417,229864480.0,-0.15727234,0.28572935,19.925,4.099379,27.0,38803.957,
Netherlands,2004,16196036,1061.8103,233138540.0,4.1125507,0.28135046,20.097,5.247005,27.1,39682.375,
Netherlands,2005,16261834,1078.1451,227703360.0,6.747757,0.26790693,20.536,7.4839487,26.3,40679.49,
Netherlands,2006,16325679,1054.8782,223803170.0,2.1116486,0.2502697,20.196,8.166161,26.2,42286.51,
Netherlands,2007,16391232,1069.3535,221332860.0,1.5489616,0.23961388,19.29,7.2285714,26.2,44008.75,
Netherlands,2008,16460775,1051.2654,218817730.0,5.1083546,0.23827411,19.196,8.87337,26.1,44840.71,
Netherlands,2009,16536200,1030.8833,212516850.0,5.140768,0.23864722,17.993,9.536809,25.3,43178.508,
Netherlands,2010,16617121,1123.363,223837330.0,-0.30659866,0.25050703,17.569,9.394677,,43812.348,
Netherlands,2011,16701470,1063.2908,208863940.0,4.1235886,0.22720677,17.172,10.82506,,44591.0,
Netherlands,2012,16785296,1043.8792,208100060.0,0.68045044,0.22468735,17.123,12.098574,,43957.0,
Netherlands,2013,16867352,1015.55896,208108820.0,-1.7544823,0.22429024,16.442,11.921183,,43744.0,
Netherlands,2014,16954080,967.208,200198690.0,-1.2788315,0.2112191,16.145,11.286572,,44205.0,
Netherlands,2015,17041110,980.5152,205947550.0,4.565838,0.2155073,16.11,12.58272,,44869.0,
Netherlands,2016,17124512,988.3837,206870980.0,2.011837,0.21207193,15.949,12.984275,,45600.0,
Netherlands,2017,17207204,989.9987,203336140.0,7.625168,0.20295925,15.873,15.072639,,46650.754,
Poland,1991,38167388,1179.6852,487966000.0,0.11303854,1.2807341,37.958,1.130199,,7625.843,
Poland,1992,38252284,1127.586,473531400.0,0.33185482,1.2064253,35.428,1.2395746,,7873.925,
Poland,1993,38319300,1127.2528,472974430.0,-0.21579361,1.1534598,34.652,1.1762028,,8229.529,
Poland,1994,38375464,1077.8927,468100220.0,0.69254065,1.0713183,31.987,1.3354341,,8721.827,
Poland,1995,38401980,1102.9259,468828160.0,0.509408,0.9984032,31.998,1.430135,,9408.274,
Poland,1996,38401410,1157.8153,483127800.0,0.33783627,0.9701659,31.659,1.4590268,,10066.171,
Poland,1997,38396120,1146.1967,473913950.0,0.20954323,0.8786664,32.046,1.5112815,,10811.274,
Poland,1998,38379990,1096.6576,434693380.0,1.1977487,0.7682256,32.367,1.7972579,,11413.256,
Poland,1999,38354950,1075.7216,420326050.0,-0.5415659,0.7061446,31.957,1.671548,,12058.42,
Poland,2000,38504430,1010.57684,398566850.0,-0.052553654,0.6449718,31.103,1.6273223,,12732.167,
Poland,2001,38662860,1002.1676,388065570.0,1.3411436,0.6231497,30.767,1.9343168,,13017.584,
Poland,2002,38647476,991.3861,373833920.0,-0.09568119,0.59070706,28.581,1.943996,,13415.571,
Poland,2003,38621536,1027.221,388204100.0,-1.2074108,0.5886659,28.593,1.4999001,,14035.637,
Poland,2004,38596040,1031.9388,386622750.0,2.2940493,0.5630384,29.079,2.1016684,,14906.094,
Poland,2005,38575910,1052.26,388236960.0,2.8056154,0.53717613,29.249,2.48307,,15580.937,
Poland,2006,38547180,1103.0348,396853120.0,1.8610201,0.5225932,30.023,2.6737301,,16711.447,
Poland,2007,38521868,1096.4136,400115550.0,3.4552164,0.482697,30.74,3.4256516,,18067.428,
Poland,2008,38522884,1108.2928,390248200.0,7.617489,0.44998908,31.832,4.274444,,19011.547,
Poland,2009,38555290,1060.0883,363655360.0,8.509209,0.41653112,31.1,5.7515388,,19718.465,
Poland,2010,38597356,1125.8989,394575230.0,6.747616,0.4219001,30.11,6.9299364,,20608.693,
Poland,2011,38620850,1125.5137,385688700.0,7.1408043,0.3972095,30.639,8.054721,,21837.0,
Poland,2012,38625870,1079.6759,378290560.0,12.148567,0.38196754,30.43,10.443604,,22188.0,
Poland,2013,38607350,1082.9036,373559780.0,-0.5201378,0.3720774,30.54,10.408151,,22510.0,
Poland,2014,38581880,1034.271,357868100.0,7.627594,0.3464424,30.543,12.533148,,23266.0,
Poland,2015,38553148,1039.33,361544000.0,6.3118668,0.33698666,30.206,13.815148,,24177.0,
Poland,2016,38532108,1090.4602,376066300.0,-2.7573166,0.33952618,29.937,13.733519,,24838.0,
Poland,2017,38532816,1131.2434,391106430.0,4.429947,0.3367689,29.648,14.1999655,,26061.164,
Portugal,1991,9986418,,65485064.0,0.045612335,0.26503658,33.054,33.109016,,17949.809,
Portugal,1992,9978745,,69969970.0,-12.757147,0.27677068,33.627,18.541033,,18598.527,
Portugal,1993,9992104,,67823450.0,11.586279,0.26950365,32.86,30.42917,,18519.934,
Portugal,1994,10018101,,67922630.0,6.475502,0.26864225,32.473,37.12097,,18819.027,
Portugal,1995,10051250,,70079704.0,-6.650469,0.283758,32.179,28.295624,,19262.031,
Portugal,1996,10087653,203.87631,67188550.0,18.922987,0.25951928,31.269,45.858765,,19939.31,
Portugal,1997,10130547,212.08316,72001496.0,-4.5950317,0.26125592,31.019,41.681313,,20810.178,
Portugal,1998,10179419,235.42966,77176450.0,-0.23664093,0.26898634,35.137,36.365974,,21782.12,
Portugal,1999,10233373,257.99118,88329480.0,-16.24638,0.2913317,34.292,20.088558,,22589.922,
Portugal,2000,10300632,254.97513,83933640.0,12.511517,0.2744812,34.431,29.668049,,23372.041,
Portugal,2001,10371815,251.08948,81281190.0,8.228214,0.2663236,33.446,34.091404,,23751.371,
Portugal,2002,10430913,266.6142,84524150.0,-17.775425,0.28106907,33.34,21.314346,,23896.459,
Portugal,2003,10473345,251.62032,77966170.0,22.945263,0.2618692,32.675,38.048153,,23677.52,
Portugal,2004,10501523,261.555,78541416.0,-15.775623,0.26752815,31.074,27.465418,,24142.766,
Portugal,2005,10523314,272.85782,80837736.0,-11.869484,0.2736164,30.387,17.864876,,24377.95,
Portugal,2006,10543946,248.88158,75586024.0,21.806042,0.24990964,30.326,32.365658,,24809.04,
Portugal,2007,10565547,249.1106,76027490.0,2.0517578,0.23355831,30.258,34.57027,,25477.205,
Portugal,2008,10580963,243.31506,72141464.0,-4.5246124,0.2235221,29.272,32.189976,,25590.88,
Portugal,2009,10591341,234.70938,67450000.0,11.084297,0.21842831,28.214,36.96443,,24902.457,
Portugal,2010,10588401,221.51447,63465644.0,29.055916,0.19781585,27.677,52.80313,,25463.164,
Portugal,2011,10564820,219.69902,62315760.0,-12.236778,0.19618154,27.317,46.47263,,25133.0,
Portugal,2012,10522085,208.10054,61236560.0,-13.658501,0.19714604,25.589,42.50604,,24218.0,
Portugal,2013,10464537,206.8649,58716924.0,27.250587,0.19222382,24.172,58.32179,,24076.0,
Portugal,2014,10408379,207.50575,58286360.0,5.246399,0.18965505,23.872,60.758278,,24423.0,
Portugal,2015,10365436,219.99551,62355576.0,-18.94249,0.20351681,24.004,47.522438,,24915.0,
Portugal,2016,10332751,220.30112,60987684.0,19.962334,0.19362716,23.797,54.6254,,25346.0,
Portugal,2017,10307528,237.14981,66241436.0,-26.466827,0.20467114,23.765,39.13345,,26298.791,
Romania,1991,22842488,581.3076,186672320.0,9.388382,1.2464334,35.107,25.68662,,5033.141,
Romania,1992,22800964,516.0707,172274770.0,-8.533398,1.2196183,32.242,21.662655,,4818.304,
Romania,1993,22721662,497.4638,159705000.0,3.154873,1.0817353,31.112,23.067196,,5055.917,
Romania,1994,22632776,466.27396,156166050.0,0.81884766,0.9945057,32.808,23.71003,,5427.071,
Romania,1995,22533138,505.44162,160370620.0,10.784138,0.93491346,30.968,28.264183,,6014.69,
Romania,1996,22417872,500.88135,164490800.0,-2.773655,0.89455324,31.578,25.823366,,6476.4746,
Romania,1997,22289540,456.19366,151660860.0,5.221672,0.8246106,30.353,30.888575,,6446.418,
Romania,1998,22161240,407.92636,136949740.0,4.051075,0.73779285,28.791,35.648235,,6407.467,
Romania,1999,22039006,352.33823,120191010.0,-1.7767792,0.6076729,27.082,36.239353,,6613.933,
Romania,2000,21919882,361.15204,123231420.0,-10.384945,0.5951823,25.811,28.665632,,7089.9463,
Romania,2001,21797588,365.91168,128007410.0,0.14222336,0.5773622,25.854,27.861813,,7860.4434,
Romania,2002,21653530,379.02023,128060680.0,3.0045853,0.53456736,29.586,29.492832,,8673.619,
Romania,2003,21481322,389.12903,128709660.0,-8.382877,0.5211521,29.135,24.179432,,9369.233,
Romania,2004,21289292,394.38556,130758650.0,9.135166,0.46387082,31.073,29.226412,,10531.172,
Romania,2005,21092264,385.1521,125219950.0,10.282665,0.4283994,30.455,34.03467,,11313.822,
Romania,2006,20909406,399.99896,123903040.0,-5.634289,0.3893996,30.724,29.282297,,12823.231,
Romania,2007,20744226,384.52997,129714790.0,-6.501087,0.36737972,31.426,25.95655,,14418.83,
Romania,2008,20597516,372.5271,128192630.0,3.9042053,0.32608423,31.447,26.512701,,16347.344,
Romania,2009,20466318,318.53482,120103900.0,-4.372406,0.2778311,30.0,26.935736,,15866.127,
Romania,2010,20335212,310.25522,113278840.0,12.444084,0.26345444,28.599,33.49282,,16377.328,
Romania,2011,20220286,330.32312,118396280.0,-10.465626,0.27214754,28.77,26.32258,,17174.0,
Romania,2012,20137112,319.74847,117702840.0,-4.212448,0.26842257,28.67,25.399796,,17174.0,
Romania,2013,20066550,279.87015,103080290.0,13.322109,0.22414243,28.638,34.41503,,17979.0,
Romania,2014,19995836,280.51196,101345830.0,13.277634,0.21781337,28.929,41.60147,,18515.0,
Romania,2015,19906078,279.72678,97942350.0,3.0154724,0.20681915,29.012,39.729977,,19320.0,
Romania,2016,19797820,278.23975,96563430.0,2.6801605,0.22218464,27.975,41.75569,,17782.0,
Romania,2017,19698852,291.52045,99761496.0,-7.25264,0.21536759,27.743,37.9828,,19158.36,
Slovakia,1991,5280230,184.85727,64349536.0,-1.395699,0.9601624,50.408,5.812036,,10537.41,
Slovakia,1992,5301897,176.66003,59078810.0,1.5642471,0.9431459,42.089,8.347676,,9838.615,
Slovakia,1993,5321863,167.13254,55700376.0,4.524194,0.8362117,39.686,14.428275,,10481.115,
Slovakia,1994,5338814,158.22707,53046996.0,2.6258059,0.74488443,40.45,17.11818,,11063.948,
Slovakia,1995,5349999,162.86652,53469988.0,1.5524197,0.69815254,39.254,18.463867,,11874.398,
Slovakia,1996,5358288,166.78403,53930092.0,-1.9309139,0.6536008,39.692,16.614298,,12622.909,
Slovakia,1997,5365829,163.88437,53648904.0,-0.48198986,0.618547,39.651,16.214056,,13335.459,
Slovakia,1998,5371086,164.57278,53228010.0,0.6002693,0.59230405,39.497,16.595415,,13822.1875,
Slovakia,1999,5374617,160.84409,51994950.0,0.6120968,0.584082,38.475,15.901813,,13750.333,
Slovakia,2000,5376700,157.79874,48895684.0,0.41693497,0.5528443,37.325,14.977258,,13904.985,
Slovakia,2001,5376457,161.03802,50922520.0,1.6587429,0.56341934,37.147,15.959786,,14361.901,
Slovakia,2002,5375206,160.24976,49327252.0,0.5872164,0.5246247,38.16,16.84276,,14984.731,
Slovakia,2003,5374381,159.7336,48431416.0,-5.457651,0.5025878,38.157,11.563308,,15773.095,
Slovakia,2004,5374932,156.05617,49369390.0,1.4713697,0.48402753,39.24,13.563218,,16570.861,
Slovakia,2005,5376251,164.04572,49786856.0,1.6067162,0.4544667,38.824,14.932992,,17649.52,
Slovakia,2006,5377239,156.7252,50272004.0,0.7597151,0.4176446,38.827,15.411728,,19099.428,
Slovakia,2007,5378381,150.20972,48881336.0,0.5396328,0.3636257,39.403,17.714695,,21109.94,
Slovakia,2008,5381641,153.30853,49544124.0,-0.9521618,0.3482849,39.563,15.906719,,22231.988,
Slovakia,2009,5388934,139.6745,45996828.0,1.0478859,0.33569577,38.024,19.003477,,20953.037,
Slovakia,2010,5396428,148.79968,47196092.0,2.9753456,0.32694283,37.049,21.69949,,21941.213,
Slovakia,2011,5402686,141.41418,47012784.0,-2.4020424,0.31516862,37.385,17.724213,,22483.0,
Slovakia,2012,5409283,132.59755,44668532.0,1.0448399,0.2931028,37.538,19.369688,,22816.0,
Slovakia,2013,5414744,134.54913,43927710.0,2.3992634,0.28602415,35.824,22.36287,,23132.0,
Slovakia,2014,5419572,121.68817,41171304.0,0.2145443,0.263882,35.459,23.076921,,23703.0,
Slovakia,2015,5424449,125.020325,41877510.0,-0.3100872,0.26028332,35.203,22.795778,,24588.0,
Slovakia,2016,5431205,126.514496,42226060.0,1.4468346,0.25522953,34.874,24.850075,,25364.0,
Slovakia,2017,5439418,136.099,43392450.0,-0.294302,0.25619483,34.523,23.96482,,26096.148,
Slovenia,1991,1989799,44.689255,19090478.0,1.874732,0.42757577,47.542,28.33595,,16401.959,
Slovenia,1992,1991344,43.49163,18446904.0,-0.5470438,0.4512624,45.76,27.714748,,15462.71,
Slovenia,1993,1991685,46.45835,18470200.0,-1.1473112,0.45221427,44.194,25.439331,,15872.12,
Slovenia,1994,1991454,47.820854,18464108.0,1.0763435,0.44300628,42.385,26.377035,,16664.705,
Slovenia,1995,1991115,51.321053,19070338.0,-0.43467712,0.4345974,43.133,25.1938,,17816.8,
Slovenia,1996,1990671,54.367287,19555728.0,1.2301073,0.43934652,41.929,28.122604,,18376.246,
Slovenia,1997,1989831,56.550663,20329720.0,-1.7061825,0.43309188,40.696,23.444613,,19258.945,
Slovenia,1998,1988287,55.7128,20287582.0,1.0615597,0.40915322,39.788,25.145773,,19851.057,
Slovenia,1999,1986263,54.8474,19644266.0,0.9535265,0.37507424,38.188,28.431372,,20793.918,
Slovenia,2000,1984339,53.556305,19447244.0,0.40541077,0.3532459,37.728,28.655401,,21501.336,
Slovenia,2001,1982489,55.99178,20975854.0,-0.17886925,0.37317467,38.768,26.72652,,22006.953,
Slovenia,2002,1983769,56.296413,21381674.0,-1.3859777,0.36673003,38.973,23.356163,,22725.312,
Slovenia,2003,1989413,56.75701,21135716.0,-1.0305882,0.3517858,37.286,22.270426,,23257.422,
Slovenia,2004,1996731,57.898277,21531986.0,3.2215052,0.34756884,36.429,27.570398,,24150.584,
Slovenia,2005,2004780,58.757935,21903414.0,-1.9252033,0.34019926,37.058,23.626738,,24966.94,
Slovenia,2006,2013577,60.220512,22461284.0,0.3238516,0.32806548,35.522,24.487095,,26182.78,
Slovenia,2007,2023230,60.285892,25160140.0,-0.8566599,0.31103697,35.28,22.473404,,27832.764,
Slovenia,2008,2034037,64.21757,25107678.0,2.780673,0.31869596,35.098,26.264473,,28473.596,
Slovenia,2009,2045578,56.981194,23062030.0,1.6368465,0.30774188,33.097,29.896278,,25905.514,
Slovenia,2010,2057294,57.791183,23598188.0,-0.34422493,0.31009442,32.489,29.212791,,26000.92,
Slovenia,2011,2065457,56.455215,23097448.0,-2.5744095,0.3075167,31.595,24.371859,,26004.0,
Slovenia,2012,2069365,54.62937,22515572.0,1.3565645,0.30443472,31.01,27.84566,,25252.0,
Slovenia,2013,2072374,52.289368,21622006.0,2.1482487,0.29544663,31.031,32.34177,,24944.0,
Slovenia,2014,2074923,47.87574,19610692.0,3.803751,0.2568714,31.132,38.483967,,25693.0,
Slovenia,2015,2080865,48.026012,19966420.0,-6.3301325,0.25261804,30.61,29.391891,,26268.0,
Slovenia,2016,2090020,51.391228,20890268.0,1.6999083,0.26110932,29.87,31.176834,,26908.0,
Slovenia,2017,2098396,52.50236,20842294.0,-1.6204815,0.25179812,29.583,27.663553,,28190.18,
South Korea,1991,44487412,1035.5211,306226660.0,-3.5421772,0.42291805,35.679,2.6494057,,15056.16,
South Korea,1992,44703708,1190.1459,330918880.0,-1.1461229,0.43630943,34.905,2.1165414,,15712.002,
South Korea,1993,44932856,1313.6025,362020160.0,3.3446531,0.4526842,33.567,2.6130474,,16503.434,
South Korea,1994,45165784,1434.6058,387762940.0,-5.5634484,0.44963536,33.167,1.2810979,,17720.395,
South Korea,1995,45393416,1557.7795,416504300.0,2.0187879,0.44571128,33.2,1.4797227,,19089.299,
South Korea,1996,45660164,1722.2087,455639260.0,-0.50090027,0.45769763,32.435,1.2532259,,20204.56,
South Korea,1997,45962390,1903.8093,481891100.0,0.117637634,0.45986497,31.169,1.174428,,21055.945,
South Korea,1998,46250260,1681.3728,416293700.0,4.275318,0.41617247,27.828,1.8311406,,19624.691,
South Korea,1999,46520450,1818.5153,449440480.0,-0.24968815,0.4088171,27.473,1.6237404,,21540.693,
South Korea,2000,46788588,1924.5533,479571700.0,-0.43404293,0.40504116,28.172,1.4898535,,23108.018,
South Korea,2001,47064784,1976.8253,495730780.0,-4.992417,0.40406537,27.528,1.4421266,,23804.438,
South Korea,2002,47320664,2062.4233,511918500.0,2.890408,0.3957095,27.273,1.0887018,,25250.637,
South Korea,2003,47539740,2107.5645,521514500.0,4.792165,0.39453635,27.628,1.5609094,,25679.246,
South Korea,2004,47727290,2166.3127,529385860.0,-1.2764549,0.3835253,27.473,1.3346044,,26646.504,
South Korea,2005,47889576,2212.2354,538425150.0,-1.6705027,0.37712145,26.773,1.1032438,,27443.283,
South Korea,2006,48049348,2252.4067,543201800.0,0.1081934,0.3645008,26.274,1.0378252,,28516.484,
South Korea,2007,48220600,2348.8152,562083100.0,1.8463955,0.36061448,25.5,1.0973732,,29716.57,
South Korea,2008,48398630,2374.351,570403100.0,0.9305153,0.36052638,24.925,1.0458357,,30117.729,
South Korea,2009,48588024,2399.5547,576856600.0,1.2270746,0.36397204,24.447,1.0892226,,29967.562,
South Korea,2010,48813036,2621.3225,634370750.0,4.0849037,0.3802985,24.947,1.2183634,,31537.773,
South Korea,2011,49169880,2744.6448,665127230.0,3.5510406,0.38741928,24.769,1.4509554,,32225.0,
South Korea,2012,49634188,2796.073,670520960.0,1.1489811,0.38147128,24.478,1.4864653,,32791.0,
South Korea,2013,50098228,2833.1323,676833800.0,7.4989605,0.37464708,24.402,1.8251772,,33588.0,
South Korea,2014,50558044,2811.3872,671997400.0,6.354122,0.35955244,24.643,2.2226882,,34493.0,
South Korea,2015,50994396,2843.49,677623900.0,6.112171,0.35246795,25.074,2.5710418,,35269.0,
South Korea,2016,51309984,2943.7886,681157300.0,7.825081,0.34498188,24.893,3.016566,,36103.0,
South Korea,2017,51511640,3004.3665,698042800.0,10.647358,0.34312877,24.679,3.6373045,,37093.215,
Spain,1991,38997064,866.3473,295995970.0,5.529579,0.3051066,33.262,17.970922,35.2,19958.06,
Spain,1992,39202250,942.7359,301195300.0,-24.357826,0.30849737,33.162,12.508775,33.5,20329.168,
Spain,1993,39420540,888.1298,291818400.0,16.19046,0.30033153,31.036,16.164928,31.8,20056.54,
Spain,1994,39623732,931.8254,297586140.0,11.61438,0.30478138,30.264,18.060907,32.0,20673.955,
Spain,1995,39814570,989.64343,325368700.0,-13.502823,0.30734906,30.206,14.722221,33.2,21522.098,
Spain,1996,39996476,984.46796,313142370.0,49.851074,0.28293228,29.472,23.793047,32.7,22185.066,
Spain,1997,40180050,1069.7953,319736740.0,-12.522179,0.28358835,29.914,19.546366,32.9,23113.615,
Spain,1998,40362356,1124.0068,333034100.0,-0.25899506,0.2776669,30.517,19.075443,33.4,24284.861,
Spain,1999,40542230,1195.437,357887870.0,-28.208649,0.28532058,30.682,13.232505,33.8,25549.54,
Spain,2000,40741652,1244.0662,367759740.0,25.787079,0.27965954,30.831,15.611987,33.8,26994.86,
Spain,2001,40966450,1271.7705,370795040.0,39.423607,0.26778713,31.46,21.152443,34.2,28153.553,
Spain,2002,41477652,1334.4612,395124930.0,-42.37182,0.27522284,31.042,13.826016,34.2,28753.322,
Spain,2003,42230268,1368.1029,400607500.0,62.459618,0.2680915,30.719,21.667315,34.2,29371.865,
Spain,2004,42959670,1444.0978,415507550.0,-17.224304,0.26998895,30.207,18.319021,33.9,30088.092,
Spain,2005,43685372,1500.0077,427631840.0,-26.009033,0.26984003,29.57,14.859735,33.7,30885.602,
Spain,2006,44422824,1491.931,416598400.0,27.760208,0.25076512,29.403,17.6624,33.4,31907.424,
Spain,2007,45245784,1529.8999,426545150.0,16.31285,0.24510686,29.113,19.334726,32.5,32735.434,
Spain,2008,45966544,1458.1388,391480640.0,11.242859,0.21980637,27.791,20.00515,31.5,32844.324,
Spain,2009,46367772,1312.6128,353829020.0,32.14508,0.19945352,24.699,25.410765,29.3,31669.691,
Spain,2010,46572776,1259.4968,337763620.0,75.482834,0.18875973,22.946,32.79222,,31786.404,
Spain,2011,46729230,1265.2173,349687460.0,-26.695343,0.18977627,21.743,30.040842,,31600.0,
Spain,2012,46756084,1241.4958,332191600.0,5.5063477,0.19127163,20.638,29.604794,,30699.0,
Spain,2013,46603460,1121.1074,305410850.0,50.32071,0.17627898,19.755,39.58289,,30280.0,
Spain,2014,46464548,1094.0911,308291900.0,-2.926239,0.1752586,19.454,40.103294,,30819.0,
Spain,2015,46431344,1151.1338,325008900.0,-36.744904,0.18080978,19.673,34.987568,,31847.0,
Spain,2016,46473320,1143.4977,314676320.0,20.149017,0.18321897,19.503,38.581806,,30110.0,
Spain,2017,46584170,1207.5171,327846980.0,-43.70221,0.18764614,19.219,32.220592,,30908.12,
Sweden,1991,8594170,236.27994,69548744.0,-27.625992,0.2426391,28.255,44.30156,23.5,27614.035,
Sweden,1992,8640277,245.25757,71114220.0,33.399002,0.24417396,26.682,52.333317,22.9,27198.53,
Sweden,1993,8683403,242.93082,73829580.0,1.4158173,0.24857944,25.72,52.91891,22.5,26558.824,
Sweden,1994,8723467,255.36891,78243810.0,-45.728027,0.24847917,25.207,43.027332,23.6,27505.955,
Sweden,1995,8758496,244.80795,80339270.0,27.097687,0.2363755,25.524,47.578903,24.6,28519.443,
Sweden,1996,8785493,263.05484,85362530.0,-49.002533,0.24709876,25.93,38.404095,24.7,29012.105,
Sweden,1997,8807868,244.28334,81240824.0,53.46855,0.22100416,25.594,48.274235,25.1,29862.666,
Sweden,1998,8828629,270.73907,82962340.0,17.149246,0.21301763,25.911,49.18446,25.6,31187.164,
Sweden,1999,8848881,260.3394,80879230.0,-9.14183,0.19323708,25.026,48.275642,26.4,32705.215,
Sweden,2000,8871042,230.02692,80382620.0,25.147522,0.18101545,24.39,57.247128,26.8,34202.605,
Sweden,2001,8896748,236.86372,82695064.0,-1.0646667,0.18105616,23.779,51.559402,26.1,34666.664,
Sweden,2002,8926011,242.44304,84863210.0,-36.947342,0.17855647,22.986,48.500343,27.4,35569.773,
Sweden,2003,8961506,255.92369,90817920.0,-37.15152,0.1755243,22.613,43.378387,28.2,36435.754,
Sweden,2004,9004263,247.8287,91933304.0,28.391296,0.16529995,22.379,44.94693,30.3,38016.062,
Sweden,2005,9051739,244.6366,90888376.0,35.576874,0.1519761,22.042,51.288204,30.9,39258.992,
Sweden,2006,9104724,250.07378,94583220.0,-28.81392,0.14436485,21.937,49.5952,32.0,40992.3,
Sweden,2007,9164274,243.03745,93089210.0,17.929642,0.13662326,21.672,52.029293,32.2,42399.844,
Sweden,2008,9229282,231.01726,89965840.0,12.208969,0.13076869,21.711,54.309544,31.6,42189.965,
Sweden,2009,9301413,217.04445,84599670.0,-7.0482635,0.12663592,20.119,58.42606,29.5,40116.312,
Sweden,2010,9381722,229.47697,91418610.0,10.631744,0.13285346,19.857,55.29808,,42634.754,
Sweden,2011,9467384,209.54068,85633320.0,4.5653534,0.12376349,19.896,55.95555,,42079.0,
Sweden,2012,9555984,201.40807,83228216.0,37.461426,0.11781414,19.634,59.06633,,41650.0,
Sweden,2013,9648935,199.3496,80147150.0,-44.42476,0.11260849,19.165,54.035156,,41811.0,
Sweden,2014,9747507,192.4726,77643680.0,9.206741,0.10555376,18.613,55.841366,,42476.0,
Sweden,2015,9849344,190.2769,78461250.0,45.931732,0.101283915,18.633,63.271606,,43746.0,
Sweden,2016,9953322,195.60199,78374504.0,-33.04825,0.09796407,18.446,57.17493,,44659.0,
Sweden,2017,10058191,193.49849,78105470.0,16.383026,0.093404844,18.226,57.88224,,45192.742,
United Kingdom,1991,57359452,2345.415,803064100.0,-1.4254885,0.40969995,30.389,1.6555673,33.8,25792.014,
United Kingdom,1992,57509240,2308.4873,772719000.0,3.264493,0.3981847,29.906,2.0041335,33.2,25790.186,
United Kingdom,1993,57647464,2303.9944,750817340.0,-1.7088909,0.37948275,29.392,1.7782198,32.8,26349.342,
United Kingdom,1994,57785900,2272.3254,742346940.0,3.8059235,0.36210772,27.781,2.13833,33.4,27277.543,
United Kingdom,1995,57930364,2279.9531,740943360.0,-0.8406944,0.34874478,27.438,2.0662897,33.1,27861.215,
United Kingdom,1996,58078584,2390.419,765098700.0,-2.9098969,0.35277912,27.439,1.6260163,32.7,28472.248,
United Kingdom,1997,58250190,2329.8015,735770700.0,4.4610825,0.32836545,26.878,1.9903204,32.2,29259.764,
United Kingdom,1998,58438320,2343.3271,729023300.0,4.492195,0.32181275,26.666,2.395591,31.4,30077.385,
United Kingdom,1999,58635204,2340.451,704336700.0,3.0413322,0.30809274,25.843,2.6338127,30.8,30932.537,
United Kingdom,2000,58850044,2392.8765,706154050.0,0.99017334,0.30116242,25.18,2.628229,30.0,31946.037,
United Kingdom,2001,59092016,2408.9946,709968800.0,-1.02981,0.29805166,24.654,2.4794033,28.9,32660.441,
United Kingdom,2002,59355690,2351.4624,687000300.0,4.6917973,0.28242257,23.912,2.8716042,28.0,33271.3,
United Kingdom,2003,59649800,2389.559,693808500.0,-0.8898239,0.27875063,23.356,2.6845133,27.3,34232.426,
United Kingdom,2004,59995852,2426.7568,695192300.0,10.235584,0.27299646,22.318,3.5895612,26.4,34865.78,
United Kingdom,2005,60383740,2436.8945,698416000.0,9.085979,0.26393,22.21,4.2500315,25.2,35623.625,
United Kingdom,2006,60803700,2416.0334,686739460.0,4.507515,0.256599,22.067,4.5560956,24.7,36214.07,
United Kingdom,2007,61260680,2370.5083,666658600.0,6.2687836,0.24678992,22.192,4.9595523,24.4,36816.676,
United Kingdom,2008,61742150,2343.3196,644164350.0,11.380447,0.24208046,21.288,5.640683,24.1,36264.79,
United Kingdom,2009,62243384,2158.6113,584788700.0,11.751472,0.22964168,19.718,6.699225,22.5,34402.36,
United Kingdom,2010,62760050,2224.9375,597291400.0,4.858246,0.2336637,19.335,6.852327,,34754.473,
United Kingdom,2011,63286360,2044.2004,552411700.0,24.14737,0.21141885,19.235,9.565997,,34971.0,
United Kingdom,2012,63808730,2064.2664,570766400.0,14.862595,0.21656853,19.072,11.333718,,35185.0,
United Kingdom,2013,64302296,2021.6089,558915260.0,35.228317,0.20820701,18.92,14.851513,,35618.0,
United Kingdom,2014,64773504,1875.129,518561200.0,33.93248,0.1856243,18.981,19.081284,,36436.0,
United Kingdom,2015,65224370,1843.9943,505815900.0,50.66092,0.1748753,18.741,24.599403,,36941.0,
United Kingdom,2016,65655204,1818.8457,481302850.0,-1.2672577,0.1623662,18.565,24.473732,,37334.0,
United Kingdom,2017,66064810,1782.2031,468639300.0,42.25122,0.15453865,18.36,29.238365,,37782.83,
United States,1991,251560200,19680.094,6096763000.0,-1.5200195,0.5477316,25.722,10.741865,21.0,36463.957,
United States,1992,255175330,20084.928,6216769000.0,-90.34906,0.5405503,25.114,9.729862,20.8,37240.3,
United States,1993,258779760,20497.916,6310290000.0,93.03363,0.5361344,24.551,10.2707815,21.0,37761.535,
United States,1994,262273580,20893.97,6435010000.0,-55.73999,0.52426386,24.347,9.532383,21.8,38807.28,
United States,1995,265660560,21170.41,6453725000.0,145.63489,0.51618683,24.137,10.601639,21.8,39390.625,
United States,1996,268984350,21883.338,6638958600.0,103.593994,0.5145199,23.927,11.360623,21.5,40412.75,
United States,1997,272395420,22175.863,6720330000.0,33.97888,0.4990143,23.808,11.45328,21.5,41722.67,
United States,1998,275835000,22302.24,6767301000.0,-98.71692,0.48154432,23.355,10.147997,21.4,43072.758,
United States,1999,279181570,22599.816,6864969700.0,-7.906616,0.4656613,22.623,9.860898,21.2,44575.848,
United States,2000,282398560,23224.576,7048426000.0,-121.01868,0.46325025,22.472,9.229899,20.5,45886.47,
United States,2001,285470500,22744.744,6857520000.0,-182.50714,0.45095626,21.801,7.5132055,19.6,45878.008,
United States,2002,288350240,22941.979,6859837400.0,169.41974,0.44593439,21.189,8.749216,19.6,46266.297,
United States,2003,291109820,23040.12,6934596600.0,46.707275,0.4384148,20.587,9.025211,19.3,47157.996,
United States,2004,293947870,23499.125,7013343700.0,0.50671387,0.4296251,20.268,8.73341,19.6,48492.72,
United States,2005,296842660,23512.965,7042069000.0,32.19458,0.41704944,20.194,8.749464,19.2,49654.76,
United States,2006,299753100,23186.37,6957280000.0,113.76709,0.40094942,20.295,9.418474,19.1,50489.86,
United States,2007,302743400,23576.988,7030173700.0,-65.66577,0.39898056,20.172,8.39841,18.7,50901.746,
United States,2008,305694900,22795.662,6832015400.0,137.97534,0.3861111,19.384,9.1809435,17.8,50275.746,
United States,2009,308512030,21395.902,6320535000.0,134.64514,0.36797482,18.277,10.547689,16.8,48452.934,
United States,2010,311182850,22173.703,6506400300.0,59.61035,0.3719374,17.774,10.3180895,16.3,49266.914,
United States,2011,313876600,21749.736,6360037400.0,258.67615,0.35759935,17.756,12.466525,,49675.0,
United States,2012,316651330,21192.219,6164854000.0,-49.529175,0.33717406,17.762,12.184118,,50394.0,
United States,2013,319375170,21720.053,6299595300.0,110.696655,0.34020427,17.622,12.831115,,50863.0,
United States,2014,322033950,21926.727,6368018400.0,52.50061,0.335424,17.538,13.35031,,51664.0,
United States,2015,324607780,21655.59,6213992000.0,34.90271,0.31808597,17.491,13.626135,,52591.0,
United States,2016,327210200,21413.307,6091915300.0,208.20544,0.3060693,17.243,15.288093,,53015.0,
United States,2017,329791230,21310.291,6078619600.0,213.71191,0.2962081,17.232,17.451527,,54007.77,
